[{"__type__":"cc.SpriteFrame","content":{"name":"miner-throw-3","texture":"2cQXvb1fhKiL+8CDVkGH5Q","rect":[438,384,140,181],"offset":[-5,-9],"originalSize":[150,203],"capInsets":[0,0,0,0]}},{"__type__":"cc.SpriteFrame","content":{"name":"miner-pull-light-1","texture":"cfsSp7hd9CmpGzcByUQUW4","rect":[144,2,140,189],"offset":[-5,-6],"originalSize":[150,203],"rotated":1,"capInsets":[0,0,0,0]}},{"__type__":"cc.SpriteFrame","content":{"name":"miner-appear-2","texture":"2cQXvb1fhKiL+8CDVkGH5Q","rect":[148,2,140,191],"offset":[-5,-5],"originalSize":[150,203],"capInsets":[0,0,0,0]}},{"__type__":"cc.SpriteFrame","content":{"name":"pause-btn-0","texture":"30a8FifZJB7YhLZLzpLaQg","rect":[362,486,46,46],"offset":[0,0],"originalSize":[80,80],"capInsets":[0,0,0,0]}},{"__type__":"cc.AnimationClip","_name":"miner-pull-light","_duration":1,"sample":6,"wrapMode":2,"curveData":{"comps":{"cc.Sprite":{"spriteFrame":[{"frame":0,"value":{"__uuid__":"ed35U8B3NJZaVG/+WE+Jrm"}},{"frame":0.16666666666666666,"value":{"__uuid__":"e2XewZtVZJWJ8fm9+lSFBw"}},{"frame":0.3333333333333333,"value":{"__uuid__":"a1ExjXmYhG6YOUvGzaoI50"}},{"frame":0.5,"value":{"__uuid__":"a1ExjXmYhG6YOUvGzaoI50"}},{"frame":0.6666666666666666,"value":{"__uuid__":"04fL0FVj9FYYwTjsk3ZTQW"}},{"frame":0.8333333333333334,"value":{"__uuid__":"67hMzJzvFG2KD/UOuEsnvL"}}]}}}},{"__type__":"cc.SpriteFrame","content":{"name":"sound-off-btn-0","texture":"30a8FifZJB7YhLZLzpLaQg","rect":[805,290,70,70],"offset":[0,0],"originalSize":[70,70],"capInsets":[0,0,0,0]}},{"__type__":"cc.SpriteFrame","content":{"name":"miner-pull-heavy-0","texture":"cfsSp7hd9CmpGzcByUQUW4","rect":[327,286,140,181],"offset":[-5,-9],"originalSize":[150,203],"rotated":1,"capInsets":[0,0,0,0]}},{"__type__":"cc.SpriteFrame","content":{"name":"music-on-btn-0","texture":"30a8FifZJB7YhLZLzpLaQg","rect":[949,290,70,70],"offset":[0,0],"originalSize":[70,70],"capInsets":[0,0,0,0]}},{"__type__":"cc.SpriteFrame","content":{"name":"miner-strong-0","texture":"2cQXvb1fhKiL+8CDVkGH5Q","rect":[2,392,150,191],"offset":[0,-5],"originalSize":[150,203],"capInsets":[0,0,0,0]}},{"__type__":"cc.SpriteFrame","content":{"name":"miner-pull-heavy-10","texture":"cfsSp7hd9CmpGzcByUQUW4","rect":[876,144,140,181],"offset":[-5,-9],"originalSize":[150,203],"capInsets":[0,0,0,0]}},{"__type__":"cc.SpriteFrame","content":{"name":"sound-on-btn-0","texture":"30a8FifZJB7YhLZLzpLaQg","rect":[877,218,70,70],"offset":[0,0],"originalSize":[70,70],"capInsets":[0,0,0,0]}},{"__type__":"cc.SpriteFrame","content":{"name":"gold-0-1","texture":"12VAfM9NRBb5C08Bxq6AE7","rect":[100,835,98,99],"offset":[0,0],"originalSize":[98,99],"rotated":1,"capInsets":[0,0,0,0]}},{"__type__":"cc.SpriteFrame","content":{"name":"miner-disappear-2","texture":"2cQXvb1fhKiL+8CDVkGH5Q","rect":[290,2,140,189],"offset":[-5,-6],"originalSize":[150,203],"capInsets":[0,0,0,0]}},{"__type__":"cc.SpriteFrame","content":{"name":"miner-pull-heavy-7","texture":"cfsSp7hd9CmpGzcByUQUW4","rect":[144,695,140,181],"offset":[-5,-9],"originalSize":[150,203],"capInsets":[0,0,0,0]}},{"__type__":"cc.AudioClip","_name":"level-bg","_native":".mp3"},{"__type__":"cc.SpriteFrame","content":{"name":"miner-appear-0","texture":"2cQXvb1fhKiL+8CDVkGH5Q","rect":[286,772,140,189],"offset":[-5,-6],"originalSize":[150,203],"capInsets":[0,0,0,0]}},{"__type__":"cc.SpriteFrame","content":{"name":"stone-1","texture":"12VAfM9NRBb5C08Bxq6AE7","rect":[224,454,60,52],"offset":[0,0],"originalSize":[60,52],"rotated":1,"capInsets":[0,0,0,0]}},{"__type__":"cc.SpriteFrame","content":{"name":"pulled-gold-0-0","texture":"12VAfM9NRBb5C08Bxq6AE7","rect":[359,822,98,99],"offset":[0,0],"originalSize":[98,99],"rotated":1,"capInsets":[0,0,0,0]}},{"__type__":"cc.SpriteFrame","content":{"name":"btn-1","texture":"30a8FifZJB7YhLZLzpLaQg","rect":[370,776,240,78],"offset":[0,0],"originalSize":[240,78],"rotated":1,"capInsets":[0,0,0,0]}},{"__type__":"cc.SpriteFrame","content":{"name":"miner-pull-heavy-4","texture":"cfsSp7hd9CmpGzcByUQUW4","rect":[327,144,140,181],"offset":[-5,-9],"originalSize":[150,203],"rotated":1,"capInsets":[0,0,0,0]}},{"__type__":"cc.SpriteFrame","content":{"name":"rope","texture":"10zAfy1YxNhYSCs7vUz6dA","rect":[3,0,114,108],"offset":[1,0],"originalSize":[118,108],"capInsets":[0,0,0,0]}},[{"__type__":"cc.Prefab","_name":"gold4","data":{"__id__":1}},{"__type__":"cc.Node","_name":"gold4","_level":4,"_components":[{"__type__":"cc.Sprite","node":{"__id__":1},"_spriteFrame":{"__uuid__":"67ptYpaoxFjYzsLaUy5BZR"},"_sizeMode":0},{"__type__":"cc.CircleCollider","node":{"__id__":1},"tag":5},{"__type__":"cc.Animation","node":{"__id__":1},"_defaultClip":{"__uuid__":"bbBwdPOaBCtqhn+VEsLLVk"},"_clips":[{"__uuid__":"bbBwdPOaBCtqhn+VEsLLVk"}],"playOnLoad":true}],"_prefab":{"__type__":"cc.PrefabInfo","root":{"__id__":1},"asset":{"__uuid__":"48dOg1YkxP5KX4p+sHfuln"},"fileId":"34l2pi8gNFtqdj6yS6UP1f"},"_contentSize":{"__type__":"cc.Size","width":90,"height":90},"_position":{"__type__":"cc.Vec3","x":881,"y":257},"_scale":{"__type__":"cc.Vec3","x":1,"y":1,"z":1}}],{"__type__":"cc.AnimationClip","_name":"miner-pull-heavy","_duration":0.9090909090909091,"sample":11,"wrapMode":2,"curveData":{"comps":{"cc.Sprite":{"spriteFrame":[{"frame":0,"value":{"__uuid__":"14VBKWsUNMq7rNuyXitvdv"}},{"frame":0.09090909090909091,"value":{"__uuid__":"1dhU2VX6RLzahv458Y6ghK"}},{"frame":0.18181818181818182,"value":{"__uuid__":"7b0Co2cFVCirOMUlo5rhM2"}},{"frame":0.2727272727272727,"value":{"__uuid__":"56apqfW3ZBFL7d69+DjyK2"}},{"frame":0.36363636363636365,"value":{"__uuid__":"395k3+uqpKgbT58VmGfYuj"}},{"frame":0.45454545454545453,"value":{"__uuid__":"96GKdOziNB6IQWz6ay7QHN"}},{"frame":0.5454545454545454,"value":{"__uuid__":"eelPURLWhL9KdmSMSpmlbS"}},{"frame":0.6363636363636364,"value":{"__uuid__":"2dXIIj8XhBT65/WVTQNxx5"}},{"frame":0.7272727272727273,"value":{"__uuid__":"5dQjZA0spOCI6CM8opMhM+"}},{"frame":0.8181818181818182,"value":{"__uuid__":"eeFXsPTZ5GLImRcu7njUUo"}}]}}}},{"__type__":"cc.SpriteFrame","content":{"name":"miner-disappear-4","texture":"2cQXvb1fhKiL+8CDVkGH5Q","rect":[154,390,140,189],"offset":[-5,-6],"originalSize":[150,203],"capInsets":[0,0,0,0]}},{"__type__":"cc.AudioClip","_name":"score2","_native":".mp3"},[{"__type__":"cc.Prefab","_name":"stone1","data":{"__id__":1}},{"__type__":"cc.Node","_name":"stone1","_level":4,"_components":[{"__type__":"cc.Sprite","node":{"__id__":1},"_spriteFrame":{"__uuid__":"99MFXciRxM3KQBByYuy37l"}},{"__type__":"cc.CircleCollider","node":{"__id__":1},"tag":6,"_radius":26}],"_prefab":{"__type__":"cc.PrefabInfo","root":{"__id__":1},"asset":{"__uuid__":"54lmi2QupHbZ17wDRXmf1K"},"fileId":"d81/VLBwdLbLxGUEMhuUC6"},"_contentSize":{"__type__":"cc.Size","width":50,"height":52},"_position":{"__type__":"cc.Vec3","x":581,"y":153},"_scale":{"__type__":"cc.Vec3","x":1,"y":1,"z":1}}],{"__type__":"cc.SpriteFrame","content":{"name":"miner-pull-heavy-3","texture":"cfsSp7hd9CmpGzcByUQUW4","rect":[510,144,140,181],"offset":[-5,-9],"originalSize":[150,203],"rotated":1,"capInsets":[0,0,0,0]}},{"__type__":"cc.SpriteFrame","content":{"name":"goal-money-banner","texture":"12VAfM9NRBb5C08Bxq6AE7","rect":[819,322,159,158],"offset":[0,0],"originalSize":[159,158],"capInsets":[0,0,0,0]}},{"__type__":"cc.SpriteFrame","content":{"name":"miner-pull-heavy-8","texture":"cfsSp7hd9CmpGzcByUQUW4","rect":[144,512,140,181],"offset":[-5,-9],"originalSize":[150,203],"capInsets":[0,0,0,0]}},{"__type__":"cc.SpriteFrame","content":{"name":"dialog-background","texture":"c9ENQfFPZCpYhrhjtNgMgV","rect":[0,0,750,750],"offset":[0,0],"originalSize":[750,750],"capInsets":[0,0,0,0]}},{"__type__":"cc.SpriteFrame","content":{"name":"miner-pull-light-0","texture":"cfsSp7hd9CmpGzcByUQUW4","rect":[335,2,140,189],"offset":[-5,-6],"originalSize":[150,203],"rotated":1,"capInsets":[0,0,0,0]}},{"__type__":"cc.SpriteFrame","content":{"name":"pulled-gold-1-0","texture":"12VAfM9NRBb5C08Bxq6AE7","rect":[346,920,95,98],"offset":[0,0],"originalSize":[95,98],"capInsets":[0,0,0,0]}},{"__type__":"cc.SpriteFrame","content":{"name":"miner-appear-1","texture":"2cQXvb1fhKiL+8CDVkGH5Q","rect":[432,2,140,189],"offset":[-5,-6],"originalSize":[150,203],"capInsets":[0,0,0,0]}},{"__type__":"cc.SpriteAtlas","_name":"miner-sheet-2.plist","_spriteFrames":{"miner-appear-0":{"__uuid__":"3155P2fFNKEr8UdkhY0f3n"},"miner-appear-1":{"__uuid__":"6c1YY4kslNjqJ5d+PbHsXQ"},"miner-appear-2":{"__uuid__":"113Pn/cYhDdpxH+o2HSGKh"},"miner-appear-3":{"__uuid__":"d1WlzNL9hM/INZZ2dzPWpt"},"miner-appear-4":{"__uuid__":"79TUPC2mNDrbVxik3JwLP/"},"miner-dig-0":{"__uuid__":"aaUhql2D9CBpI+gC2nsbTb"},"miner-dig-1":{"__uuid__":"f6QqVyCSpDC7PEgArE6vq8"},"miner-disappear-0":{"__uuid__":"b0Nf7wMEpA07UQ9lX/thwg"},"miner-disappear-1":{"__uuid__":"b7xnM1+z5IibUTJGmC1+1E"},"miner-disappear-2":{"__uuid__":"23S9moYPFKR6erIb95OFrn"},"miner-disappear-3":{"__uuid__":"a3QpqWICdIsrfTh7j7jzFw"},"miner-disappear-4":{"__uuid__":"52wtU35zRIgplM5+Hi65XP"},"miner-strong-0":{"__uuid__":"18/6gK6ZpLl7N/mgkXVAD1"},"miner-strong-1":{"__uuid__":"daJzqBcKVDpoPUx18X6Fq0"},"miner-strong-2":{"__uuid__":"c9xapY9mBKt56SlrvXxTUR"},"miner-throw-0":{"__uuid__":"c0iXkl2FNKZLI6pyAQJ8r6"},"miner-throw-1":{"__uuid__":"9fPiUw/rVBOo68B8RhI4W7"},"miner-throw-2":{"__uuid__":"9afaObvAhGLoMc0PI1wzUo"},"miner-throw-3":{"__uuid__":"00kSBPV9NBqaHFD5yaidxf"}}},{"__type__":"cc.SpriteFrame","content":{"name":"gold-1-6","texture":"12VAfM9NRBb5C08Bxq6AE7","rect":[508,898,95,98],"offset":[0,0],"originalSize":[95,98],"capInsets":[0,0,0,0]}},{"__type__":"cc.SpriteFrame","content":{"name":"gold-1-0","texture":"12VAfM9NRBb5C08Bxq6AE7","rect":[757,906,95,98],"offset":[0,0],"originalSize":[95,98],"capInsets":[0,0,0,0]}},{"__type__":"cc.SpriteFrame","content":{"name":"miner-appear-4","texture":"2cQXvb1fhKiL+8CDVkGH5Q","rect":[428,193,140,189],"offset":[-5,-6],"originalSize":[150,203],"capInsets":[0,0,0,0]}},{"__type__":"cc.SpriteFrame","content":{"name":"miner-pull-heavy-2","texture":"cfsSp7hd9CmpGzcByUQUW4","rect":[693,144,140,181],"offset":[-5,-9],"originalSize":[150,203],"rotated":1,"capInsets":[0,0,0,0]}},{"__type__":"cc.SpriteFrame","content":{"name":"btn-0","texture":"30a8FifZJB7YhLZLzpLaQg","rect":[370,2,240,78],"offset":[0,0],"originalSize":[240,78],"rotated":1,"capInsets":[0,0,0,0]}},{"__type__":"cc.SpriteFrame","content":{"name":"claw-0","texture":"12VAfM9NRBb5C08Bxq6AE7","rect":[1002,64,20,31],"offset":[0,0],"originalSize":[20,31],"capInsets":[0,0,0,0]}},[{"__type__":"cc.Prefab","_name":"gold1","data":{"__id__":1}},{"__type__":"cc.Node","_name":"gold1","_level":4,"_components":[{"__type__":"cc.Sprite","node":{"__id__":1},"_spriteFrame":{"__uuid__":"97Ve1o3nhFjIvJq2s3FnxP"},"_sizeMode":0},{"__type__":"cc.CircleCollider","node":{"__id__":1},"tag":2},{"__type__":"cc.Animation","node":{"__id__":1},"_defaultClip":{"__uuid__":"8e96Q5AwtAZJIAgjBpnF9g"},"_clips":[{"__uuid__":"8e96Q5AwtAZJIAgjBpnF9g"}],"playOnLoad":true}],"_prefab":{"__type__":"cc.PrefabInfo","root":{"__id__":1},"asset":{"__uuid__":"8bWLeQujpHwbjC3KQU40RT"},"fileId":"a3dTOy9utFHYKFOqMP65pM"},"_contentSize":{"__type__":"cc.Size","width":50,"height":49},"_position":{"__type__":"cc.Vec3","x":500,"y":282},"_scale":{"__type__":"cc.Vec3","x":1,"y":1,"z":1}}],{"__type__":"cc.AnimationClip","_name":"obj-gold2","_duration":0.75,"sample":4,"speed":0.5,"wrapMode":2,"curveData":{"comps":{"cc.Sprite":{"spriteFrame":[{"frame":0,"value":{"__uuid__":"97Ve1o3nhFjIvJq2s3FnxP"}},{"frame":0.25,"value":{"__uuid__":"22R2zYt6tBDr4KKKQydkIq"}},{"frame":0.5,"value":{"__uuid__":"e6K3tjTktEQpqUft5Zzewh"}}]}}}},[{"__type__":"cc.SceneAsset","_name":"running","scene":{"__id__":1},"asyncLoadAssets":null},{"__type__":"cc.Scene","_name":"New Node","_children":[{"__id__":2}],"_anchorPoint":{"__type__":"cc.Vec2"},"_scale":{"__type__":"cc.Vec3","x":0.38881826508042633,"y":0.38881826508042633,"z":0.38881826508042633},"autoReleaseAssets":false},{"__type__":"cc.Node","_name":"Canvas","_parent":{"__id__":1},"_children":[{"__id__":3}],"_level":1,"_components":[{"__type__":"cc.Canvas","node":{"__id__":2}},{"__type__":"1b628c8mCJDcbHqFTV3ckwu","node":{"__id__":2},"backgoundNode":{"__id__":4},"perosonNode":{"__id__":12},"objs":{"__id__":52},"state":{"__id__":43},"clawNode":{"__id__":14},"menuNode":{"__id__":22}}],"_contentSize":{"__type__":"cc.Size","width":960,"height":640},"_position":{"__type__":"cc.Vec3","x":480,"y":320},"_scale":{"__type__":"cc.Vec3","x":1,"y":1,"z":1},"_id":"c93dgyZhJEorrRXlW7R737"},{"__type__":"cc.Node","_name":"Main Camera","_parent":{"__id__":2},"_children":[{"__id__":4},{"__id__":12},{"__id__":43},{"__id__":52},{"__id__":53},{"__id__":22},{"__id__":50}],"_level":2,"_components":[{"__type__":"cc.Camera","node":{"__id__":3},"_clearFlags":7,"_depth":-1}],"_contentSize":{"__type__":"cc.Size","width":960,"height":640},"_scale":{"__type__":"cc.Vec3","x":1,"y":1,"z":1}},{"__type__":"cc.Node","_name":"backgound","_parent":{"__id__":3},"_children":[{"__id__":5},{"__id__":6},{"__id__":8}],"_level":3,"_components":[{"__type__":"cc.Sprite","node":{"__id__":4}},{"__type__":"54bc6q+7PRMo5D68qKInDil","node":{"__id__":4},"bg_1":{"__id__":5},"bg_2":{"__id__":6},"bg_3":{"__id__":8}}],"_contentSize":{"__type__":"cc.Size","width":960,"height":640},"_scale":{"__type__":"cc.Vec3","x":1,"y":1,"z":1}},{"__type__":"cc.Node","_name":"bg1","_parent":{"__id__":4},"_active":false,"_level":4,"_components":[{"__type__":"cc.Sprite","node":{"__id__":5},"_spriteFrame":{"__uuid__":"96hYeMBeNGaKNkcrK50Ys3"}}],"_contentSize":{"__type__":"cc.Size","width":960,"height":640},"_scale":{"__type__":"cc.Vec3","x":1,"y":1,"z":1}},{"__type__":"cc.Node","_name":"bg2","_parent":{"__id__":4},"_children":[{"__id__":7}],"_active":false,"_level":4,"_components":[{"__type__":"cc.Sprite","node":{"__id__":6},"_spriteFrame":{"__uuid__":"a26EEmV7RHPqbhs2IITtMr"}}],"_contentSize":{"__type__":"cc.Size","width":960,"height":640},"_scale":{"__type__":"cc.Vec3","x":1,"y":1,"z":1}},{"__type__":"cc.Node","_name":"mountain","_parent":{"__id__":6},"_level":5,"_components":[{"__type__":"cc.Sprite","node":{"__id__":7},"_spriteFrame":{"__uuid__":"bc0Wffj55P64i03YEZ31NE"}}],"_contentSize":{"__type__":"cc.Size","width":960,"height":215},"_position":{"__type__":"cc.Vec3","x":-3,"y":216},"_scale":{"__type__":"cc.Vec3","x":1,"y":1,"z":1}},{"__type__":"cc.Node","_name":"bg3","_parent":{"__id__":4},"_children":[{"__id__":9},{"__id__":10},{"__id__":11}],"_active":false,"_level":4,"_components":[{"__type__":"cc.Sprite","node":{"__id__":8},"_spriteFrame":{"__uuid__":"a26EEmV7RHPqbhs2IITtMr"}}],"_contentSize":{"__type__":"cc.Size","width":960,"height":640},"_position":{"__type__":"cc.Vec3","y":-2},"_scale":{"__type__":"cc.Vec3","x":1,"y":1,"z":1}},{"__type__":"cc.Node","_name":"sky","_parent":{"__id__":8},"_level":5,"_components":[{"__type__":"cc.Sprite","node":{"__id__":9},"_spriteFrame":{"__uuid__":"a26EEmV7RHPqbhs2IITtMr"}}],"_contentSize":{"__type__":"cc.Size","width":960,"height":640},"_position":{"__type__":"cc.Vec3","y":1},"_scale":{"__type__":"cc.Vec3","x":1,"y":1,"z":1}},{"__type__":"cc.Node","_name":"mountain","_parent":{"__id__":8},"_level":5,"_components":[{"__type__":"cc.Sprite","node":{"__id__":10},"_spriteFrame":{"__uuid__":"bc0Wffj55P64i03YEZ31NE"}}],"_contentSize":{"__type__":"cc.Size","width":960,"height":215},"_position":{"__type__":"cc.Vec3","x":-2,"y":211},"_scale":{"__type__":"cc.Vec3","x":1,"y":1,"z":1}},{"__type__":"cc.Node","_name":"underground","_parent":{"__id__":8},"_level":5,"_components":[{"__type__":"cc.Sprite","node":{"__id__":11},"_spriteFrame":{"__uuid__":"baUvcg8hBHV7f3OVKlGlbv"},"_sizeMode":0}],"_contentSize":{"__type__":"cc.Size","width":980,"height":880},"_position":{"__type__":"cc.Vec3","x":-1,"y":119},"_scale":{"__type__":"cc.Vec3","x":1,"y":1,"z":1}},{"__type__":"cc.Node","_name":"person","_parent":{"__id__":3},"_children":[{"__id__":13},{"__id__":18},{"__id__":20}],"_level":3,"_components":[{"__type__":"cc.Sprite","node":{"__id__":12},"_spriteFrame":{"__uuid__":"3155P2fFNKEr8UdkhY0f3n"}},{"__type__":"cc.Animation","node":{"__id__":12},"_defaultClip":{"__uuid__":"138rKVXOJKFb9nYPuFOF6f"},"_clips":[{"__uuid__":"138rKVXOJKFb9nYPuFOF6f"},{"__uuid__":"d5txcsp3NBILCvtDVBQbUh"},{"__uuid__":"d0aAKSQlpASrbCscc6dUE4"},{"__uuid__":"51zdAxpgVNjJ11LtsLhbka"},{"__uuid__":"ebmyzvnA1O64ffdiVqgkzJ"}]},{"__type__":"91904i9y5FI2bv5mVn9Vk/a","node":{"__id__":12},"ropeNode":{"__id__":13},"clawNode":{"__id__":14},"claw_leftNode":{"__id__":15},"claw_rightNode":{"__id__":17},"menuNode":{"__id__":22},"state_Node":{"__id__":43},"gold_musicNode":{"__id__":19},"stone_musicNode":{"__id__":21}}],"_contentSize":{"__type__":"cc.Size","width":140,"height":189},"_position":{"__type__":"cc.Vec3","x":-560,"y":225},"_scale":{"__type__":"cc.Vec3","x":1,"y":1,"z":1}},{"__type__":"cc.Node","_name":"rope","_parent":{"__id__":12},"_children":[{"__id__":14}],"_level":5,"_components":[{"__type__":"cc.Sprite","node":{"__id__":13},"_spriteFrame":{"__uuid__":"44tvstPQJLapwBgKcu4s3z"},"_sizeMode":0}],"_contentSize":{"__type__":"cc.Size","width":30,"height":30},"_anchorPoint":{"__type__":"cc.Vec2","x":0.4,"y":1},"_position":{"__type__":"cc.Vec3","x":-7.4,"y":-21.3},"_scale":{"__type__":"cc.Vec3","x":0.9,"y":0.9,"z":1}},{"__type__":"cc.Node","_name":"claw","_parent":{"__id__":13},"_children":[{"__id__":15},{"__id__":16},{"__id__":17}],"_level":6,"_components":[{"__type__":"cc.Sprite","node":{"__id__":14},"_spriteFrame":{"__uuid__":"dfGlfaqZZNL7rP8yWZ3N2H"}},{"__type__":"61335DW2X9CKY3RSmj8ANDE","node":{"__id__":14},"maskNode":{"__id__":16},"person_act":{"__id__":12}},{"__type__":"cc.Widget","node":{"__id__":14},"alignMode":0,"_alignFlags":4,"_left":-10.3,"_right":-1.6999999999999993,"_bottom":-11.499999999999996,"_originalWidth":12},{"__type__":"cc.PolygonCollider","node":{"__id__":14},"points":[{"__type__":"cc.Vec2","x":-20,"y":-18},{"__type__":"cc.Vec2","x":20,"y":-18},{"__type__":"cc.Vec2","y":8}]}],"_contentSize":{"__type__":"cc.Size","width":12,"height":12},"_position":{"__type__":"cc.Vec3","x":3.2,"y":-35.5},"_scale":{"__type__":"cc.Vec3","x":1,"y":1,"z":1}},{"__type__":"cc.Node","_name":"left","_parent":{"__id__":14},"_level":7,"_components":[{"__type__":"cc.Sprite","node":{"__id__":15},"_spriteFrame":{"__uuid__":"8aq+oQvK9HHYHUmzNJuzOb"}}],"_contentSize":{"__type__":"cc.Size","width":20,"height":31},"_anchorPoint":{"__type__":"cc.Vec2","x":1,"y":1},"_position":{"__type__":"cc.Vec3","x":-0.3,"y":-1},"_scale":{"__type__":"cc.Vec3","x":1,"y":1,"z":1}},{"__type__":"cc.Node","_name":"maskclaw","_parent":{"__id__":14},"_level":7,"_components":[{"__type__":"cc.Sprite","node":{"__id__":16}}],"_contentSize":{"__type__":"cc.Size","width":40,"height":36},"_anchorPoint":{"__type__":"cc.Vec2","x":0.5,"y":1},"_position":{"__type__":"cc.Vec3","y":-8.3},"_scale":{"__type__":"cc.Vec3","x":1,"y":1,"z":1}},{"__type__":"cc.Node","_name":"right","_parent":{"__id__":14},"_level":7,"_components":[{"__type__":"cc.Sprite","node":{"__id__":17},"_spriteFrame":{"__uuid__":"cd7eza2JJP3Kqv+IVIwufM"}}],"_contentSize":{"__type__":"cc.Size","width":20,"height":31},"_anchorPoint":{"__type__":"cc.Vec2","y":1},"_position":{"__type__":"cc.Vec3","x":0.2,"y":-0.9},"_scale":{"__type__":"cc.Vec3","x":1,"y":1,"z":1}},{"__type__":"cc.Node","_name":"get_gold_music","_parent":{"__id__":12},"_level":4,"_components":[{"__id__":19}],"_scale":{"__type__":"cc.Vec3","x":1,"y":1,"z":1}},{"__type__":"cc.AudioSource","node":{"__id__":18},"_clip":{"__uuid__":"53T/9ZyylLEZzE8dCRE2wA"}},{"__type__":"cc.Node","_name":"get_stone_music","_parent":{"__id__":12},"_level":4,"_components":[{"__id__":21}],"_scale":{"__type__":"cc.Vec3","x":1,"y":1,"z":1}},{"__type__":"cc.AudioSource","node":{"__id__":20},"_clip":{"__uuid__":"edfNXZG6RIoKfkEivAlp/5"}},{"__type__":"cc.Node","_name":"layer_pause_menu","_parent":{"__id__":3},"_children":[{"__id__":23},{"__id__":24},{"__id__":39},{"__id__":41}],"_level":3,"_components":[{"__type__":"5e3b0wFC6ZPl4Pe4wg/Fm6Z","node":{"__id__":22},"button_switchNode":{"__id__":23},"bodyNode":{"__id__":24},"music_switchNode":{"__id__":29},"openmusicNode":{"__id__":27},"closemusicNode":{"__id__":28},"sound_switch":{"__id__":31},"opensoundNode":{"__id__":32},"closesoundNode":{"__id__":33},"touchNode":{"__id__":40},"closeNode":{"__id__":42},"returnNode":{"__id__":34}}],"_position":{"__type__":"cc.Vec3","x":180,"y":295},"_scale":{"__type__":"cc.Vec3","x":1,"y":1,"z":1}},{"__type__":"cc.Node","_name":"swiitch","_parent":{"__id__":22},"_level":5,"_components":[{"__type__":"cc.Sprite","node":{"__id__":23},"_spriteFrame":{"__uuid__":"125LXVUxNLEq0l4RWLIxSQ"},"_state":1},{"__type__":"cc.Button","node":{"__id__":23},"clickEvents":[{"__type__":"cc.ClickEvent","target":{"__id__":22},"_componentId":"5e3b0wFC6ZPl4Pe4wg/Fm6Z","handler":"pop_menu"}],"_N$interactable":false,"_N$enableAutoGrayEffect":true,"_N$transition":2,"transition":2,"_N$normalSprite":{"__uuid__":"125LXVUxNLEq0l4RWLIxSQ"},"_N$pressedSprite":{"__uuid__":"c2uAsgsyNNL55dehQGDhPN"},"pressedSprite":{"__uuid__":"c2uAsgsyNNL55dehQGDhPN"},"_N$hoverSprite":{"__uuid__":"c2uAsgsyNNL55dehQGDhPN"},"hoverSprite":{"__uuid__":"c2uAsgsyNNL55dehQGDhPN"},"_N$target":{"__id__":23}}],"_contentSize":{"__type__":"cc.Size","width":46,"height":46},"_scale":{"__type__":"cc.Vec3","x":1,"y":1,"z":1}},{"__type__":"cc.Node","_name":"menu_body","_parent":{"__id__":22},"_children":[{"__id__":25},{"__id__":26},{"__id__":30},{"__id__":31},{"__id__":34},{"__id__":36},{"__id__":38}],"_level":5,"_components":[{"__type__":"cc.Sprite","node":{"__id__":24},"_spriteFrame":{"__uuid__":"61RmocvMRCN7eUdsW2Jc0S"},"_sizeMode":0}],"_contentSize":{"__type__":"cc.Size","width":300,"height":400},"_position":{"__type__":"cc.Vec3","x":588,"y":-330},"_scale":{"__type__":"cc.Vec3","x":1,"y":1,"z":1}},{"__type__":"cc.Node","_name":"music_label","_parent":{"__id__":24},"_level":6,"_components":[{"__type__":"cc.Label","node":{"__id__":25},"_srcBlendFactor":1,"_string":"音乐：","_N$string":"音乐：","_fontSize":50,"_lineHeight":60}],"_color":{"__type__":"cc.Color","r":23,"g":16,"b":140},"_contentSize":{"__type__":"cc.Size","width":150,"height":60},"_position":{"__type__":"cc.Vec3","x":-58,"y":103},"_scale":{"__type__":"cc.Vec3","x":1,"y":1,"z":1}},{"__type__":"cc.Node","_name":"music_switch","_parent":{"__id__":24},"_children":[{"__id__":27},{"__id__":28}],"_level":6,"_components":[{"__type__":"cc.Button","node":{"__id__":26},"clickEvents":[{"__type__":"cc.ClickEvent","target":{"__id__":22},"_componentId":"5e3b0wFC6ZPl4Pe4wg/Fm6Z","handler":"change_music_state"}],"_N$transition":2,"transition":2,"_N$normalSprite":{"__uuid__":"144pqPXFJKwakrJ5iGe0kh"},"_N$pressedSprite":{"__uuid__":"d5l0Q+s9tBnbOFvzEIJ3yR"},"pressedSprite":{"__uuid__":"d5l0Q+s9tBnbOFvzEIJ3yR"},"_N$hoverSprite":{"__uuid__":"d5l0Q+s9tBnbOFvzEIJ3yR"},"hoverSprite":{"__uuid__":"d5l0Q+s9tBnbOFvzEIJ3yR"},"_N$target":{"__id__":26}},{"__id__":29}],"_contentSize":{"__type__":"cc.Size","width":70,"height":70},"_position":{"__type__":"cc.Vec3","x":47,"y":102},"_scale":{"__type__":"cc.Vec3","x":1,"y":1,"z":1}},{"__type__":"cc.Node","_name":"open","_parent":{"__id__":26},"_active":false,"_level":7,"_components":[{"__type__":"cc.Sprite","node":{"__id__":27},"_spriteFrame":{"__uuid__":"144pqPXFJKwakrJ5iGe0kh"}}],"_contentSize":{"__type__":"cc.Size","width":70,"height":70},"_scale":{"__type__":"cc.Vec3","x":1,"y":1,"z":1}},{"__type__":"cc.Node","_name":"close","_parent":{"__id__":26},"_active":false,"_level":7,"_components":[{"__type__":"cc.Sprite","node":{"__id__":28},"_spriteFrame":{"__uuid__":"afY3F7VaJFkru1RhF0BvYT"}}],"_contentSize":{"__type__":"cc.Size","width":70,"height":70},"_scale":{"__type__":"cc.Vec3","x":1,"y":1,"z":1}},{"__type__":"cc.AudioSource","node":{"__id__":26},"_clip":{"__uuid__":"2dmQFf6otA4anEejakAnYF"},"_loop":true},{"__type__":"cc.Node","_name":"sound_label","_parent":{"__id__":24},"_level":6,"_components":[{"__type__":"cc.Label","node":{"__id__":30},"_srcBlendFactor":1,"_string":"游戏音效：","_N$string":"游戏音效：","_lineHeight":50}],"_color":{"__type__":"cc.Color","r":17,"g":54,"b":181},"_contentSize":{"__type__":"cc.Size","width":200,"height":50},"_position":{"__type__":"cc.Vec3","x":-34,"y":12},"_scale":{"__type__":"cc.Vec3","x":1,"y":1,"z":1}},{"__type__":"cc.Node","_name":"sound_switch","_parent":{"__id__":24},"_children":[{"__id__":32},{"__id__":33}],"_level":6,"_components":[{"__type__":"cc.Button","node":{"__id__":31},"clickEvents":[{"__type__":"cc.ClickEvent","target":{"__id__":22},"_componentId":"5e3b0wFC6ZPl4Pe4wg/Fm6Z","handler":"change_sound_state"}],"_N$transition":2,"transition":2,"_N$normalSprite":{"__uuid__":"1fttMlVqhAE4HoyU5/VpjI"},"_N$pressedSprite":{"__uuid__":"dffCSLxp5IPINIVVavCwr+"},"pressedSprite":{"__uuid__":"dffCSLxp5IPINIVVavCwr+"},"_N$hoverSprite":{"__uuid__":"dffCSLxp5IPINIVVavCwr+"},"hoverSprite":{"__uuid__":"dffCSLxp5IPINIVVavCwr+"},"_N$target":{"__id__":31}}],"_contentSize":{"__type__":"cc.Size","width":70,"height":70},"_position":{"__type__":"cc.Vec3","x":92,"y":17},"_scale":{"__type__":"cc.Vec3","x":1,"y":1,"z":1}},{"__type__":"cc.Node","_name":"open","_parent":{"__id__":31},"_active":false,"_level":7,"_components":[{"__type__":"cc.Sprite","node":{"__id__":32},"_spriteFrame":{"__uuid__":"1fttMlVqhAE4HoyU5/VpjI"}}],"_contentSize":{"__type__":"cc.Size","width":70,"height":70},"_scale":{"__type__":"cc.Vec3","x":1,"y":1,"z":1}},{"__type__":"cc.Node","_name":"close","_parent":{"__id__":31},"_active":false,"_level":7,"_components":[{"__type__":"cc.Sprite","node":{"__id__":33},"_spriteFrame":{"__uuid__":"14P2aqH8dCqqF1cXI9wLr+"}}],"_contentSize":{"__type__":"cc.Size","width":70,"height":70},"_scale":{"__type__":"cc.Vec3","x":1,"y":1,"z":1}},{"__type__":"cc.Node","_name":"return","_parent":{"__id__":24},"_children":[{"__id__":35}],"_level":6,"_components":[{"__type__":"cc.Button","node":{"__id__":34},"clickEvents":[{"__type__":"cc.ClickEvent","target":{"__id__":22},"_componentId":"5e3b0wFC6ZPl4Pe4wg/Fm6Z","handler":"return_start"}],"_N$transition":2,"transition":2,"_N$normalSprite":{"__uuid__":"7cz6ESH/ZIVKyT1ZFTrR+p"},"_N$pressedSprite":{"__uuid__":"36l1BLE69P/5C0xdlSXsI5"},"pressedSprite":{"__uuid__":"36l1BLE69P/5C0xdlSXsI5"},"_N$hoverSprite":{"__uuid__":"36l1BLE69P/5C0xdlSXsI5"},"hoverSprite":{"__uuid__":"36l1BLE69P/5C0xdlSXsI5"},"_N$target":{"__id__":34}},{"__type__":"cc.Sprite","node":{"__id__":34},"_spriteFrame":{"__uuid__":"7cz6ESH/ZIVKyT1ZFTrR+p"},"_sizeMode":0}],"_contentSize":{"__type__":"cc.Size","width":200,"height":60},"_position":{"__type__":"cc.Vec3","x":-8,"y":-68},"_scale":{"__type__":"cc.Vec3","x":1,"y":1,"z":1}},{"__type__":"cc.Node","_name":"text","_parent":{"__id__":34},"_level":7,"_components":[{"__type__":"cc.Label","node":{"__id__":35},"_srcBlendFactor":1,"_string":"返回开始界面","_N$string":"返回开始界面","_fontSize":30,"_lineHeight":30}],"_contentSize":{"__type__":"cc.Size","width":180,"height":30},"_scale":{"__type__":"cc.Vec3","x":1,"y":1,"z":1}},{"__type__":"cc.Node","_name":"out_game_switch","_parent":{"__id__":24},"_children":[{"__id__":37}],"_level":6,"_components":[{"__type__":"cc.Sprite","node":{"__id__":36},"_spriteFrame":{"__uuid__":"7cz6ESH/ZIVKyT1ZFTrR+p"},"_sizeMode":0},{"__type__":"cc.Button","node":{"__id__":36},"clickEvents":[{"__type__":"cc.ClickEvent","target":{"__id__":22},"_componentId":"5e3b0wFC6ZPl4Pe4wg/Fm6Z","handler":"endGame"}],"_N$transition":2,"transition":2,"_N$normalSprite":{"__uuid__":"7cz6ESH/ZIVKyT1ZFTrR+p"},"_N$pressedSprite":{"__uuid__":"36l1BLE69P/5C0xdlSXsI5"},"pressedSprite":{"__uuid__":"36l1BLE69P/5C0xdlSXsI5"},"_N$hoverSprite":{"__uuid__":"36l1BLE69P/5C0xdlSXsI5"},"hoverSprite":{"__uuid__":"36l1BLE69P/5C0xdlSXsI5"},"_N$target":{"__id__":36}}],"_contentSize":{"__type__":"cc.Size","width":200,"height":60},"_position":{"__type__":"cc.Vec3","x":-8,"y":-144},"_scale":{"__type__":"cc.Vec3","x":1,"y":1,"z":1}},{"__type__":"cc.Node","_name":"out_game_label","_parent":{"__id__":36},"_level":7,"_components":[{"__type__":"cc.Label","node":{"__id__":37},"_srcBlendFactor":1,"_string":"退出游戏","_N$string":"退出游戏"}],"_contentSize":{"__type__":"cc.Size","width":160,"height":40},"_scale":{"__type__":"cc.Vec3","x":1,"y":1,"z":1}},{"__type__":"cc.Node","_name":"claose_menu","_parent":{"__id__":24},"_level":6,"_components":[{"__type__":"cc.Sprite","node":{"__id__":38},"_spriteFrame":{"__uuid__":"dbYb28W8hNA7sY4m6GYv02"}},{"__type__":"cc.Button","node":{"__id__":38},"clickEvents":[{"__type__":"cc.ClickEvent","target":{"__id__":22},"_componentId":"5e3b0wFC6ZPl4Pe4wg/Fm6Z","handler":"close_menu"}],"_N$transition":2,"transition":2,"_N$normalSprite":{"__uuid__":"dbYb28W8hNA7sY4m6GYv02"},"_N$pressedSprite":{"__uuid__":"b7l1BpQ2RMKZlYNSp/C8K1"},"pressedSprite":{"__uuid__":"b7l1BpQ2RMKZlYNSp/C8K1"},"_N$hoverSprite":{"__uuid__":"b7l1BpQ2RMKZlYNSp/C8K1"},"hoverSprite":{"__uuid__":"b7l1BpQ2RMKZlYNSp/C8K1"},"_N$target":{"__id__":38}}],"_contentSize":{"__type__":"cc.Size","width":50,"height":50},"_position":{"__type__":"cc.Vec3","x":123,"y":173},"_scale":{"__type__":"cc.Vec3","x":1,"y":1,"z":1}},{"__type__":"cc.Node","_name":"touch_music","_parent":{"__id__":22},"_level":4,"_components":[{"__id__":40}],"_scale":{"__type__":"cc.Vec3","x":1,"y":1,"z":1}},{"__type__":"cc.AudioSource","node":{"__id__":39},"_clip":{"__uuid__":"d475w1dU1Eq6Etty+yeeJj"}},{"__type__":"cc.Node","_name":"close_music","_parent":{"__id__":22},"_level":4,"_components":[{"__id__":42}],"_scale":{"__type__":"cc.Vec3","x":1,"y":1,"z":1}},{"__type__":"cc.AudioSource","node":{"__id__":41},"_clip":{"__uuid__":"e91cBOoShC5LoNKaWzg27T"}},{"__type__":"cc.Node","_name":"data","_parent":{"__id__":3},"_children":[{"__id__":44},{"__id__":47}],"_level":3,"_components":[{"__type__":"f0c95GadXVLw4iG+BxHVLQx","node":{"__id__":43},"goad_scoreNode":{"__id__":44},"countdownNode":{"__id__":47},"save_moneyNode":{"__id__":45},"goal_moneyNode":{"__id__":46},"layerNode":{"__id__":48},"timeNode":{"__id__":49},"runningNode":{"__id__":2},"tipsNode":{"__id__":50}}],"_scale":{"__type__":"cc.Vec3","x":1,"y":1,"z":1}},{"__type__":"cc.Node","_name":"goal_score","_parent":{"__id__":43},"_children":[{"__id__":45},{"__id__":46}],"_level":5,"_components":[{"__type__":"cc.Sprite","node":{"__id__":44},"_spriteFrame":{"__uuid__":"5bOD5WLi9EdIJ6ph+jevhb"}}],"_contentSize":{"__type__":"cc.Size","width":159,"height":158},"_position":{"__type__":"cc.Vec3","x":559,"y":225},"_scale":{"__type__":"cc.Vec3","x":1,"y":1,"z":1}},{"__type__":"cc.Node","_name":"money","_parent":{"__id__":44},"_level":6,"_components":[{"__type__":"cc.Label","node":{"__id__":45},"_srcBlendFactor":1,"_string":"0","_N$string":"0"}],"_color":{"__type__":"cc.Color","r":99,"g":82,"b":35},"_contentSize":{"__type__":"cc.Size","width":22.25,"height":40},"_position":{"__type__":"cc.Vec3","x":2.7,"y":49},"_scale":{"__type__":"cc.Vec3","x":1,"y":1,"z":1}},{"__type__":"cc.Node","_name":"goal","_parent":{"__id__":44},"_level":6,"_components":[{"__type__":"cc.Label","node":{"__id__":46},"_srcBlendFactor":1,"_string":"0","_N$string":"0"}],"_color":{"__type__":"cc.Color","r":79,"g":70,"b":21},"_contentSize":{"__type__":"cc.Size","width":22.25,"height":40},"_position":{"__type__":"cc.Vec3","x":2.5,"y":-8.2},"_scale":{"__type__":"cc.Vec3","x":1,"y":1,"z":1}},{"__type__":"cc.Node","_name":"countdown","_parent":{"__id__":43},"_children":[{"__id__":48},{"__id__":49}],"_level":5,"_components":[{"__type__":"cc.Sprite","node":{"__id__":47},"_spriteFrame":{"__uuid__":"9dHnLmq7BB4odvtQQEyEW+"}}],"_contentSize":{"__type__":"cc.Size","width":133,"height":127},"_position":{"__type__":"cc.Vec3","x":-388,"y":386},"_scale":{"__type__":"cc.Vec3","x":1,"y":1,"z":1}},{"__type__":"cc.Node","_name":"layer","_parent":{"__id__":47},"_level":6,"_components":[{"__type__":"cc.Label","node":{"__id__":48},"_srcBlendFactor":1,"_string":"1","_N$string":"1","_fontSize":30}],"_color":{"__type__":"cc.Color","r":52,"g":48,"b":14},"_contentSize":{"__type__":"cc.Size","width":16.68,"height":40},"_position":{"__type__":"cc.Vec3","x":11.4,"y":10.8},"_scale":{"__type__":"cc.Vec3","x":1,"y":1,"z":1}},{"__type__":"cc.Node","_name":"time","_parent":{"__id__":47},"_level":6,"_components":[{"__type__":"cc.Label","node":{"__id__":49},"_srcBlendFactor":1,"_string":"60","_N$string":"60","_fontSize":28}],"_color":{"__type__":"cc.Color","r":70,"g":56,"b":17},"_contentSize":{"__type__":"cc.Size","width":31.14,"height":40},"_position":{"__type__":"cc.Vec3","x":6,"y":-46.4},"_scale":{"__type__":"cc.Vec3","x":1,"y":1,"z":1}},{"__type__":"cc.Node","_name":"tips","_parent":{"__id__":3},"_children":[{"__id__":51}],"_level":3,"_components":[{"__type__":"cc.Sprite","node":{"__id__":50},"_spriteFrame":{"__uuid__":"7cz6ESH/ZIVKyT1ZFTrR+p"}},{"__type__":"f263dphMI1PKK15nd0prsnC","node":{"__id__":50},"wordNode":{"__id__":51}}],"_contentSize":{"__type__":"cc.Size","width":240,"height":78},"_position":{"__type__":"cc.Vec3","x":-16,"y":434},"_scale":{"__type__":"cc.Vec3","x":1,"y":1,"z":1}},{"__type__":"cc.Node","_name":"word","_parent":{"__id__":50},"_level":4,"_components":[{"__type__":"cc.Label","node":{"__id__":51},"_srcBlendFactor":1,"_string":"233","_N$string":"233"}],"_contentSize":{"__type__":"cc.Size","width":66.74,"height":40},"_scale":{"__type__":"cc.Vec3","x":1,"y":1,"z":1}},{"__type__":"cc.Node","_name":"wall","_parent":{"__id__":3},"_level":3,"_components":[{"__type__":"cc.Widget","node":{"__id__":52},"alignMode":0,"_alignFlags":45,"_left":-480,"_right":480,"_top":440,"_bottom":-200,"_originalWidth":960,"_originalHeight":400},{"__type__":"479486MiIZIdJmd9XGLj0T4","node":{"__id__":52},"gold_1":{"__uuid__":"8bWLeQujpHwbjC3KQU40RT"},"gold_2":{"__uuid__":"c8krZamjJCjrrDvD/IKt6f"},"gold_3":{"__uuid__":"beOyh8NmtKwKz+bIf3ZeJ5"},"gold_4":{"__uuid__":"48dOg1YkxP5KX4p+sHfuln"},"stone_1":{"__uuid__":"54lmi2QupHbZ17wDRXmf1K"},"stone_2":{"__uuid__":"a0QghmCxtEPbmdSAOCN6vo"}}],"_contentSize":{"__type__":"cc.Size","width":960,"height":400},"_position":{"__type__":"cc.Vec3","x":-480,"y":-320},"_scale":{"__type__":"cc.Vec3","x":1,"y":1,"z":1}},{"__type__":"cc.Node","_name":"border","_parent":{"__id__":3},"_level":3,"_components":[{"__type__":"cc.PolygonCollider","node":{"__id__":53},"tag":1,"_offset":{"__type__":"cc.Vec2","y":8},"points":[{"__type__":"cc.Vec2","x":-50,"y":-50},{"__type__":"cc.Vec2","x":-50,"y":430},{"__type__":"cc.Vec2","y":430},{"__type__":"cc.Vec2"},{"__type__":"cc.Vec2","x":960},{"__type__":"cc.Vec2","x":960,"y":430},{"__type__":"cc.Vec2","x":1000,"y":430},{"__type__":"cc.Vec2","x":1000,"y":-50}]}],"_contentSize":{"__type__":"cc.Size","width":960,"height":400},"_anchorPoint":{"__type__":"cc.Vec2"},"_position":{"__type__":"cc.Vec3","x":-480,"y":-320},"_scale":{"__type__":"cc.Vec3","x":1,"y":1,"z":1}}],{"__type__":"cc.SpriteFrame","content":{"name":"miner-pull-heavy-5","texture":"cfsSp7hd9CmpGzcByUQUW4","rect":[144,878,140,181],"offset":[-5,-9],"originalSize":[150,203],"rotated":1,"capInsets":[0,0,0,0]}},{"__type__":"cc.SpriteFrame","content":{"name":"level-background-0","texture":"0eBnEUDjdNYreFAFFkjDob","rect":[0,0,960,640],"offset":[0,0],"originalSize":[960,640],"capInsets":[0,0,0,0]}},{"__type__":"cc.SpriteFrame","content":{"name":"gold-0-0","texture":"12VAfM9NRBb5C08Bxq6AE7","rect":[260,747,98,99],"offset":[0,0],"originalSize":[98,99],"rotated":1,"capInsets":[0,0,0,0]}},{"__type__":"cc.SpriteFrame","content":{"name":"stone-0","texture":"12VAfM9NRBb5C08Bxq6AE7","rect":[208,628,50,52],"offset":[0,0],"originalSize":[50,52],"rotated":1,"capInsets":[0,0,0,0]}},{"__type__":"cc.SpriteFrame","content":{"name":"miner-throw-2","texture":"2cQXvb1fhKiL+8CDVkGH5Q","rect":[2,585,140,189],"offset":[-5,-6],"originalSize":[150,203],"capInsets":[0,0,0,0]}},{"__type__":"cc.SpriteFrame","content":{"name":"level-time-banner","texture":"12VAfM9NRBb5C08Bxq6AE7","rect":[279,288,133,127],"offset":[0,0],"originalSize":[133,127],"capInsets":[0,0,0,0]}},{"__type__":"cc.SpriteFrame","content":{"name":"miner-throw-1","texture":"2cQXvb1fhKiL+8CDVkGH5Q","rect":[2,776,140,189],"offset":[-5,-6],"originalSize":[150,203],"capInsets":[0,0,0,0]}},[{"__type__":"cc.Prefab","_name":"stone2","data":{"__id__":1}},{"__type__":"cc.Node","_name":"stone2","_level":4,"_components":[{"__type__":"cc.Sprite","node":{"__id__":1},"_spriteFrame":{"__uuid__":"34P/fehGpIKIKb36Rd0UDM"}},{"__type__":"cc.CircleCollider","node":{"__id__":1},"tag":7,"_radius":30}],"_prefab":{"__type__":"cc.PrefabInfo","root":{"__id__":1},"asset":{"__uuid__":"a0QghmCxtEPbmdSAOCN6vo"},"fileId":"a1sF0vLdNIioEsIA1w+gIE"},"_contentSize":{"__type__":"cc.Size","width":60,"height":52},"_position":{"__type__":"cc.Vec3","x":-47,"y":-224},"_scale":{"__type__":"cc.Vec3","x":1,"y":1,"z":1}}],{"__type__":"cc.SpriteFrame","content":{"name":"miner-pull-light-3","texture":"cfsSp7hd9CmpGzcByUQUW4","rect":[2,603,140,189],"offset":[-5,-6],"originalSize":[150,203],"capInsets":[0,0,0,0]}},{"__type__":"cc.SpriteFrame","content":{"name":"level-background-1","texture":"79DNfzzRpLh5AzJOm1QEgA","rect":[0,0,960,640],"offset":[0,0],"originalSize":[960,640],"capInsets":[0,0,0,0]}},{"__type__":"cc.SpriteFrame","content":{"name":"miner-disappear-3","texture":"2cQXvb1fhKiL+8CDVkGH5Q","rect":[286,195,140,189],"offset":[-5,-6],"originalSize":[150,203],"capInsets":[0,0,0,0]}},{"__type__":"cc.SpriteFrame","content":{"name":"miner-dig-0","texture":"2cQXvb1fhKiL+8CDVkGH5Q","rect":[296,386,140,189],"offset":[-5,-6],"originalSize":[150,203],"capInsets":[0,0,0,0]}},{"__type__":"cc.SpriteFrame","content":{"name":"music-off-btn-0","texture":"30a8FifZJB7YhLZLzpLaQg","rect":[841,362,70,70],"offset":[0,0],"originalSize":[70,70],"capInsets":[0,0,0,0]}},{"__type__":"cc.SpriteFrame","content":{"name":"miner-disappear-0","texture":"2cQXvb1fhKiL+8CDVkGH5Q","rect":[286,581,140,189],"offset":[-5,-6],"originalSize":[150,203],"capInsets":[0,0,0,0]}},{"__type__":"cc.SpriteFrame","content":{"name":"close-btn-1","texture":"30a8FifZJB7YhLZLzpLaQg","rect":[210,486,50,50],"offset":[0,0],"originalSize":[50,50],"capInsets":[0,0,0,0]}},{"__type__":"cc.SpriteFrame","content":{"name":"miner-disappear-1","texture":"2cQXvb1fhKiL+8CDVkGH5Q","rect":[144,776,140,189],"offset":[-5,-6],"originalSize":[150,203],"capInsets":[0,0,0,0]}},{"__type__":"cc.SpriteFrame","content":{"name":"level-background-2","texture":"86H5Ij96BHwrSf01Z7OEwo","rect":[1,15,1023,337],"offset":[0.5,-3],"originalSize":[1024,361],"capInsets":[0,0,0,0]}},{"__type__":"cc.AnimationClip","_name":"obj-gold1","_duration":0.6666666666666666,"sample":3,"speed":0.8,"wrapMode":2,"curveData":{"comps":{"cc.Sprite":{"spriteFrame":[{"frame":0,"value":{"__uuid__":"78siMoAv1NNoDGaFRG+UfG"}},{"frame":0.3333333333333333,"value":{"__uuid__":"76lNff8fZEKqroKuXevtk3"}}]}}}},{"__type__":"cc.SpriteFrame","content":{"name":"level-background-1-mountain","texture":"faveL6XVVISK3eXUx6goz+","rect":[0,0,960,215],"offset":[0,212.5],"originalSize":[960,640],"capInsets":[0,0,0,0]}},[{"__type__":"cc.Prefab","_name":"gold3","data":{"__id__":1}},{"__type__":"cc.Node","_name":"gold3","_level":4,"_components":[{"__type__":"cc.Sprite","node":{"__id__":1},"_spriteFrame":{"__uuid__":"358ZlMpKpHL5UcCH0k97rY"},"_sizeMode":0},{"__type__":"cc.CircleCollider","node":{"__id__":1},"tag":4},{"__type__":"cc.Animation","node":{"__id__":1},"_defaultClip":{"__uuid__":"8e96Q5AwtAZJIAgjBpnF9g"},"_clips":[{"__uuid__":"8e96Q5AwtAZJIAgjBpnF9g"}],"playOnLoad":true}],"_prefab":{"__type__":"cc.PrefabInfo","root":{"__id__":1},"asset":{"__uuid__":"beOyh8NmtKwKz+bIf3ZeJ5"},"fileId":"0a8q5pefFIbrqaSTMIf5cR"},"_contentSize":{"__type__":"cc.Size","width":75,"height":75},"_position":{"__type__":"cc.Vec3","x":250,"y":240},"_scale":{"__type__":"cc.Vec3","x":1,"y":1,"z":1}}],{"__type__":"cc.SpriteFrame","content":{"name":"miner-throw-0","texture":"2cQXvb1fhKiL+8CDVkGH5Q","rect":[144,585,140,189],"offset":[-5,-6],"originalSize":[150,203],"capInsets":[0,0,0,0]}},{"__type__":"cc.SpriteFrame","content":{"name":"pause-btn-1","texture":"30a8FifZJB7YhLZLzpLaQg","rect":[314,486,46,46],"offset":[0,0],"originalSize":[80,80],"capInsets":[0,0,0,0]}},[{"__type__":"cc.Prefab","_name":"gold2","data":{"__id__":1}},{"__type__":"cc.Node","_name":"gold2","_level":4,"_components":[{"__type__":"cc.Sprite","node":{"__id__":1},"_spriteFrame":{"__uuid__":"78siMoAv1NNoDGaFRG+UfG"},"_sizeMode":0},{"__type__":"cc.CircleCollider","node":{"__id__":1},"tag":3,"_radius":48},{"__type__":"cc.Animation","node":{"__id__":1},"_defaultClip":{"__uuid__":"bbBwdPOaBCtqhn+VEsLLVk"},"_clips":[{"__uuid__":"bbBwdPOaBCtqhn+VEsLLVk"}],"playOnLoad":true}],"_prefab":{"__type__":"cc.PrefabInfo","root":{"__id__":1},"asset":{"__uuid__":"c8krZamjJCjrrDvD/IKt6f"},"fileId":"43B8Hv7HFFPqjV7a3iXobt"},"_contentSize":{"__type__":"cc.Size","width":70,"height":70},"_position":{"__type__":"cc.Vec3","x":670,"y":123},"_scale":{"__type__":"cc.Vec3","x":1,"y":1,"z":1}}],{"__type__":"cc.SpriteFrame","content":{"name":"miner-strong-2","texture":"2cQXvb1fhKiL+8CDVkGH5Q","rect":[2,2,144,193],"offset":[-3,-5],"originalSize":[150,203],"capInsets":[0,0,0,0]}},{"__type__":"cc.SpriteFrame","content":{"name":"claw-2","texture":"12VAfM9NRBb5C08Bxq6AE7","rect":[1002,95,20,31],"offset":[0,0],"originalSize":[20,31],"capInsets":[0,0,0,0]}},{"__type__":"cc.AnimationClip","_name":"miner-thorw","_duration":0.06666666666666667,"curveData":{"comps":{"cc.Sprite":{"spriteFrame":[{"frame":0,"value":{"__uuid__":"00kSBPV9NBqaHFD5yaidxf"}},{"frame":0.016666666666666666,"value":{"__uuid__":"9afaObvAhGLoMc0PI1wzUo"}},{"frame":0.03333333333333333,"value":{"__uuid__":"9fPiUw/rVBOo68B8RhI4W7"}},{"frame":0.05,"value":{"__uuid__":"c0iXkl2FNKZLI6pyAQJ8r6"}}]}}}},{"__type__":"cc.SpriteFrame","content":{"name":"miner-appear-3","texture":"2cQXvb1fhKiL+8CDVkGH5Q","rect":[144,197,140,191],"offset":[-5,-5],"originalSize":[150,203],"capInsets":[0,0,0,0]}},{"__type__":"cc.SpriteFrame","content":{"name":"music-on-btn-1","texture":"30a8FifZJB7YhLZLzpLaQg","rect":[877,290,70,70],"offset":[0,0],"originalSize":[70,70],"capInsets":[0,0,0,0]}},{"__type__":"cc.AnimationClip","_name":"miner-appear","_duration":1,"sample":5,"speed":3,"wrapMode":2,"curveData":{"comps":{"cc.Sprite":{"spriteFrame":[{"frame":0,"value":{"__uuid__":"b0Nf7wMEpA07UQ9lX/thwg"}},{"frame":0.2,"value":{"__uuid__":"b7xnM1+z5IibUTJGmC1+1E"}},{"frame":0.4,"value":{"__uuid__":"23S9moYPFKR6erIb95OFrn"}},{"frame":0.6,"value":{"__uuid__":"a3QpqWICdIsrfTh7j7jzFw"}},{"frame":0.8,"value":{"__uuid__":"52wtU35zRIgplM5+Hi65XP"}}]}}}},{"__type__":"cc.SpriteFrame","content":{"name":"miner-strong-1","texture":"2cQXvb1fhKiL+8CDVkGH5Q","rect":[2,197,140,193],"offset":[-5,-4],"originalSize":[150,203],"capInsets":[0,0,0,0]}},{"__type__":"cc.SpriteFrame","content":{"name":"close-btn-0","texture":"30a8FifZJB7YhLZLzpLaQg","rect":[262,486,50,50],"offset":[0,0],"originalSize":[50,50],"capInsets":[0,0,0,0]}},{"__type__":"cc.SpriteFrame","content":{"name":"claw-1","texture":"12VAfM9NRBb5C08Bxq6AE7","rect":[1002,126,12,12],"offset":[0,0],"originalSize":[12,12],"capInsets":[0,0,0,0]}},{"__type__":"cc.SpriteFrame","content":{"name":"sound-on-btn-1","texture":"30a8FifZJB7YhLZLzpLaQg","rect":[805,218,70,70],"offset":[0,0],"originalSize":[70,70],"capInsets":[0,0,0,0]}},{"__type__":"cc.SpriteFrame","content":{"name":"miner-pull-light-4","texture":"cfsSp7hd9CmpGzcByUQUW4","rect":[2,412,140,189],"offset":[-5,-6],"originalSize":[150,203],"capInsets":[0,0,0,0]}},{"__type__":"cc.SpriteFrame","content":{"name":"gold-0-6","texture":"12VAfM9NRBb5C08Bxq6AE7","rect":[0,860,98,99],"offset":[0,0],"originalSize":[98,99],"rotated":1,"capInsets":[0,0,0,0]}},{"__type__":"cc.AnimationClip","_name":"miner-pull-fast","_duration":1,"sample":6,"speed":2,"wrapMode":2,"curveData":{"comps":{"cc.Sprite":{"spriteFrame":[{"frame":0,"value":{"__uuid__":"ed35U8B3NJZaVG/+WE+Jrm"}},{"frame":0.16666666666666666,"value":{"__uuid__":"e2XewZtVZJWJ8fm9+lSFBw"}},{"frame":0.3333333333333333,"value":{"__uuid__":"a1ExjXmYhG6YOUvGzaoI50"}},{"frame":0.5,"value":{"__uuid__":"efuw4q8bhNT4vMIvvRL6sH"}},{"frame":0.6666666666666666,"value":{"__uuid__":"04fL0FVj9FYYwTjsk3ZTQW"}},{"frame":0.8333333333333334,"value":{"__uuid__":"67hMzJzvFG2KD/UOuEsnvL"}}]}}}},{"__type__":"cc.AudioClip","_name":"score1","_native":".mp3"},{"__type__":"cc.SpriteFrame","content":{"name":"miner-pull-light-5","texture":"cfsSp7hd9CmpGzcByUQUW4","rect":[144,2,140,189],"offset":[-5,-6],"originalSize":[150,203],"rotated":1,"capInsets":[0,0,0,0]}},{"__type__":"cc.SpriteFrame","content":{"name":"miner-pull-heavy-9","texture":"cfsSp7hd9CmpGzcByUQUW4","rect":[144,329,140,181],"offset":[-5,-9],"originalSize":[150,203],"capInsets":[0,0,0,0]}},{"__type__":"cc.SpriteFrame","content":{"name":"miner-pull-heavy-6","texture":"cfsSp7hd9CmpGzcByUQUW4","rect":[711,2,140,183],"offset":[-5,-8],"originalSize":[150,203],"rotated":1,"capInsets":[0,0,0,0]}},{"__type__":"cc.SpriteFrame","content":{"name":"miner-pull-light-2","texture":"cfsSp7hd9CmpGzcByUQUW4","rect":[2,794,140,189],"offset":[-5,-6],"originalSize":[150,203],"capInsets":[0,0,0,0]}},{"__type__":"cc.SpriteFrame","content":{"name":"miner-dig-1","texture":"2cQXvb1fhKiL+8CDVkGH5Q","rect":[428,577,140,185],"offset":[-5,-8],"originalSize":[150,203],"capInsets":[0,0,0,0]}}]