[{"__type__":"cc.SpriteFrame","content":{"name":"menu2-close-btn-0","texture":"30a8FifZJB7YhLZLzpLaQg","rect":[940,548,60,60],"offset":[0,0],"originalSize":[60,60],"capInsets":[0,0,0,0]}},{"__type__":"cc.SpriteFrame","content":{"name":"pulled-gem-mouse-3","texture":"12VAfM9NRBb5C08Bxq6AE7","rect":[509,352,61,50],"offset":[0,0],"originalSize":[61,50],"rotated":1,"capInsets":[0,0,0,0]}},{"__type__":"cc.SpriteFrame","content":{"name":"cave-0","texture":"30a8FifZJB7YhLZLzpLaQg","rect":[2,546,204,256],"offset":[-7,3],"originalSize":[220,276],"capInsets":[0,0,0,0]}},{"__type__":"cc.SpriteFrame","content":{"name":"miner-face-whistle-0","texture":"30a8FifZJB7YhLZLzpLaQg","rect":[546,767,85,106],"offset":[0,0],"originalSize":[85,106],"capInsets":[0,0,0,0]}},{"__type__":"cc.SpriteFrame","content":{"name":"pulled-gold-0-3","texture":"12VAfM9NRBb5C08Bxq6AE7","rect":[147,132,140,131],"offset":[0,0],"originalSize":[140,131],"rotated":1,"capInsets":[0,0,0,0]}},{"__type__":"cc.SpriteFrame","content":{"name":"bone","texture":"12VAfM9NRBb5C08Bxq6AE7","rect":[990,844,33,33],"offset":[0,0],"originalSize":[33,33],"capInsets":[0,0,0,0]}},{"__type__":"cc.SpriteFrame","content":{"name":"gem-mouse-4","texture":"12VAfM9NRBb5C08Bxq6AE7","rect":[208,826,53,40],"offset":[0,0],"originalSize":[53,40],"rotated":1,"capInsets":[0,0,0,0]}},{"__type__":"cc.SpriteFrame","content":{"name":"option-btn-1","texture":"30a8FifZJB7YhLZLzpLaQg","rect":[769,434,60,60],"offset":[0,0],"originalSize":[60,60],"capInsets":[0,0,0,0]}},{"__type__":"cc.SpriteFrame","content":{"name":"bone-2","texture":"12VAfM9NRBb5C08Bxq6AE7","rect":[867,629,100,95],"offset":[0,0],"originalSize":[100,95],"rotated":1,"capInsets":[0,0,0,0]}},{"__type__":"cc.SpriteFrame","content":{"name":"TNT-fragment","texture":"12VAfM9NRBb5C08Bxq6AE7","rect":[913,729,42,35],"offset":[0,0],"originalSize":[42,35],"capInsets":[0,0,0,0]}},{"__type__":"cc.SpriteFrame","content":{"name":"clouds-night","texture":"12VAfM9NRBb5C08Bxq6AE7","rect":[79,266,286,56],"offset":[0,0],"originalSize":[286,56],"rotated":1,"capInsets":[0,0,0,0]}},{"__type__":"cc.SpriteFrame","content":{"name":"pulled-diamond-4","texture":"12VAfM9NRBb5C08Bxq6AE7","rect":[135,540,86,76],"offset":[0,0],"originalSize":[86,76],"capInsets":[0,0,0,0]}},{"__type__":"cc.SpriteFrame","content":{"name":"rank-1","texture":"30a8FifZJB7YhLZLzpLaQg","rect":[913,362,60,60],"offset":[0,0],"originalSize":[60,60],"capInsets":[0,0,0,0]}},{"__type__":"cc.SpriteFrame","content":{"name":"miner-face-whistle-1","texture":"30a8FifZJB7YhLZLzpLaQg","rect":[610,388,85,106],"offset":[0,0],"originalSize":[85,106],"capInsets":[0,0,0,0]}},{"__type__":"cc.SpriteFrame","content":{"name":"pause-btn-0","texture":"30a8FifZJB7YhLZLzpLaQg","rect":[362,486,46,46],"offset":[0,0],"originalSize":[80,80],"capInsets":[0,0,0,0]}},{"__type__":"cc.SpriteFrame","content":{"name":"sound-off-btn-0","texture":"30a8FifZJB7YhLZLzpLaQg","rect":[805,290,70,70],"offset":[0,0],"originalSize":[70,70],"capInsets":[0,0,0,0]}},{"__type__":"cc.SpriteFrame","content":{"name":"music-on-btn-0","texture":"30a8FifZJB7YhLZLzpLaQg","rect":[949,290,70,70],"offset":[0,0],"originalSize":[70,70],"capInsets":[0,0,0,0]}},{"__type__":"cc.SpriteFrame","content":{"name":"miner-face-whistle-2","texture":"30a8FifZJB7YhLZLzpLaQg","rect":[595,528,85,106],"offset":[0,0],"originalSize":[85,106],"capInsets":[0,0,0,0]}},{"__type__":"cc.SpriteFrame","content":{"name":"goal-money-banner-night","texture":"12VAfM9NRBb5C08Bxq6AE7","rect":[279,130,159,158],"offset":[0,0],"originalSize":[159,158],"capInsets":[0,0,0,0]}},{"__type__":"cc.SpriteFrame","content":{"name":"random-btn-1","texture":"30a8FifZJB7YhLZLzpLaQg","rect":[208,546,240,78],"offset":[0,0],"originalSize":[240,78],"rotated":1,"capInsets":[0,0,0,0]}},{"__type__":"cc.SpriteFrame","content":{"name":"gold-1-4","texture":"12VAfM9NRBb5C08Bxq6AE7","rect":[379,717,105,110],"offset":[0,0],"originalSize":[105,110],"rotated":1,"capInsets":[0,0,0,0]}},{"__type__":"cc.SpriteFrame","content":{"name":"night-btn-1","texture":"30a8FifZJB7YhLZLzpLaQg","rect":[210,244,240,78],"offset":[0,0],"originalSize":[240,78],"rotated":1,"capInsets":[0,0,0,0]}},{"__type__":"cc.SpriteFrame","content":{"name":"pulled-gem-mouse-2","texture":"12VAfM9NRBb5C08Bxq6AE7","rect":[221,514,55,58],"offset":[0,0],"originalSize":[55,58],"capInsets":[0,0,0,0]}},{"__type__":"cc.SpriteAtlas","_name":"level-sheet.plist","_spriteFrames":{"bone":{"__uuid__":"06kJS12YhLsZ/dmJYSMRCU"},"bone-0":{"__uuid__":"5fVsFmVPRNN4rYSV+gWO1X"},"bone-1":{"__uuid__":"23bMRcdaxLpYzNoQ1gWyqB"},"bone-2":{"__uuid__":"08hLRKQoxCGLEMfQfzuu2z"},"claw-0":{"__uuid__":"8aq+oQvK9HHYHUmzNJuzOb"},"claw-1":{"__uuid__":"dfGlfaqZZNL7rP8yWZ3N2H"},"claw-2":{"__uuid__":"cd7eza2JJP3Kqv+IVIwufM"},"clouds-0":{"__uuid__":"3d7W31LO1H5KANdhcKToyz"},"clouds-1":{"__uuid__":"ddZVB2+EJN7Jnco0JEjCSx"},"clouds-night":{"__uuid__":"0fUpXiu9hAarVes53EXNGk"},"clouds-night-0":{"__uuid__":"8any8Vvj9NzZpcIZuQ3in0"},"coconuts":{"__uuid__":"8cI9EOFu5JcIl/xKlmr8BH"},"coconuts-night":{"__uuid__":"6bdfZoAGtPUI4GqORn9aHj"},"diamond-0":{"__uuid__":"288kKOfGFN87kjm35ZSbDM"},"diamond-1":{"__uuid__":"9eZ0rhjNJAnaPmFocaDqDX"},"diamond-2":{"__uuid__":"69Ap3P3+xJFLNv1feT3mMz"},"diamond-3":{"__uuid__":"2b5OWohmFKe4FYeVf8kDd7"},"diamond-4":{"__uuid__":"d4+RpcmhFDzY+JkqyDll6d"},"diamond-5":{"__uuid__":"51vrdjO/dFypo7b9b/8gZr"},"diamond-6":{"__uuid__":"70EXClBn9J5IS8/Omo/+JR"},"dolphin-0":{"__uuid__":"22jPgl1NRBEa84k5liww7E"},"dolphin-1":{"__uuid__":"34u79FcQJLKqNwCMOZrYvq"},"dolphin-10":{"__uuid__":"bba0bdtapFB4V8TkvhkTWc"},"dolphin-11":{"__uuid__":"c2n68OYQxKtKdDHK5sYXEP"},"dolphin-12":{"__uuid__":"36EohhGVhEc6f1AAGvYuQ/"},"dolphin-13":{"__uuid__":"9chCGrz2pJLYiuyIveDhQP"},"dolphin-14":{"__uuid__":"6490Qp4MFHkLBkOBieopOt"},"dolphin-2":{"__uuid__":"aaGjzenv5OFI/iErBmoJU6"},"dolphin-3":{"__uuid__":"54rkHbZ0BDkZ32TIGnOmzg"},"dolphin-4":{"__uuid__":"62gN6Np/tHTIDxhnrGQ/Il"},"dolphin-5":{"__uuid__":"34aFYYrsVGzpinOula3f5s"},"dolphin-6":{"__uuid__":"4dlEkHbJtJ+qaOYy3SKvXI"},"dolphin-7":{"__uuid__":"665275YnNHNbGfh/jxjEhH"},"dolphin-8":{"__uuid__":"57nL6WVptDX5B98MXzSzdx"},"dolphin-9":{"__uuid__":"dchsFZIotB3r4fRahATeU6"},"gem-mouse-0":{"__uuid__":"42fGe13LdN34xcbkfuCGVA"},"gem-mouse-1":{"__uuid__":"f0oQSbvoRH9L7x4g4IV1/V"},"gem-mouse-2":{"__uuid__":"8dgfRHXI5Gdr7J+H9iOB98"},"gem-mouse-3":{"__uuid__":"25lI9IOVRATbongipa1pac"},"gem-mouse-4":{"__uuid__":"079NZaqjhLOobeSJcR+5Ap"},"gem-mouse-5":{"__uuid__":"529QwEYKhLkKUPmqguCD6Z"},"gem-mouse-6":{"__uuid__":"3brLKo9oJNr4kJNG4nW7SE"},"gem-mouse-7":{"__uuid__":"53MFQDi/hPAYdBQqARVT4S"},"goal-money-banner":{"__uuid__":"5bOD5WLi9EdIJ6ph+jevhb"},"goal-money-banner-night":{"__uuid__":"17PBp//epCjovyTjIUtB+P"},"goal-symbol":{"__uuid__":"3eaCIytCdCIoYx2Ifi97hP"},"gold-0-0":{"__uuid__":"97Ve1o3nhFjIvJq2s3FnxP"},"gold-0-1":{"__uuid__":"22R2zYt6tBDr4KKKQydkIq"},"gold-0-2":{"__uuid__":"a1z37EQlBGyLKR09OGypx5"},"gold-0-3":{"__uuid__":"8eV69Cba1PrY0CJEQ07mp+"},"gold-0-4":{"__uuid__":"23PepgzoZIybhlx2ar+cSm"},"gold-0-5":{"__uuid__":"d11+nEeFlBma9qMXl4x+k+"},"gold-0-6":{"__uuid__":"e6K3tjTktEQpqUft5Zzewh"},"gold-1-0":{"__uuid__":"78siMoAv1NNoDGaFRG+UfG"},"gold-1-1":{"__uuid__":"ffe50R9IFMgIv/aQb51JAp"},"gold-1-2":{"__uuid__":"63TXCsGgRE0JBllDsCQllf"},"gold-1-3":{"__uuid__":"6cjhzspf1J5Jbm1S58EeRF"},"gold-1-4":{"__uuid__":"17n0c0iGRJxr6+6nOg1Ot0"},"gold-1-5":{"__uuid__":"83LUuU2P5EFIpuClOECVfX"},"gold-1-6":{"__uuid__":"76lNff8fZEKqroKuXevtk3"},"helicopter-0":{"__uuid__":"a0fAKiRG9MArud+cj2qg9g"},"helicopter-1":{"__uuid__":"c9nw4G6ApFoL+0RQQUv8m7"},"helicopter-2":{"__uuid__":"21jXr8CJpO9ZbmUbaa7FRN"},"helicopter-3":{"__uuid__":"88lVUhfNtABKLHR6S2cgld"},"high-score":{"__uuid__":"60+krh2ShMuKtefUiRqd3R"},"high-score-1":{"__uuid__":"37H5YaE9BHHI3o3UrC6VUI"},"leaves-0":{"__uuid__":"a9CWKjjS5O1YNYl8AvGWE4"},"leaves-0-night":{"__uuid__":"32AICm36tNFJsHKvybULE/"},"leaves-1":{"__uuid__":"b1xgzNzAVGsZxBZ/2BDlri"},"leaves-1-night":{"__uuid__":"c25lTFI+1ID5hnDbK9m6fD"},"leaves-2":{"__uuid__":"6bfS8zKoFDKqgbpi1EtSyJ"},"leaves-2-night":{"__uuid__":"2898sentZNtqCTLbvPOBxM"},"level-time-banner":{"__uuid__":"9dHnLmq7BB4odvtQQEyEW+"},"level-time-banner-night":{"__uuid__":"f4GCqNpXlCga5JitWf6Cqi"},"mouse-0":{"__uuid__":"bftqBEcONAA5oT30aptHkN"},"mouse-1":{"__uuid__":"fb5onm4HRNGbgAjC99X4X+"},"mouse-2":{"__uuid__":"f9f/JpGi1Hp48ldyS83DKp"},"mouse-3":{"__uuid__":"d4hg13vplHUqyBM52AHEdg"},"mouse-4":{"__uuid__":"22EkM8IztLU4MQKTUycq6i"},"mouse-5":{"__uuid__":"39oGrCJchFwLerCDc94rqG"},"mouse-6":{"__uuid__":"e3K/HSIrNGkJL34lPwWTUS"},"mouse-7":{"__uuid__":"a0wsOH/BhOS6VAK6f5Z1NV"},"owl":{"__uuid__":"c1lhMuKKRE5Y2GymRpI9hg"},"owl-eye-0":{"__uuid__":"4fVWRB15JIgLCF2XFYSK6S"},"owl-eye-1":{"__uuid__":"d8MskkLbNHeplxmRYv4YlV"},"owl-eye-2":{"__uuid__":"35kLwRl/BK9pTuXdAEC+2b"},"owl-eye-3":{"__uuid__":"f2O6aMUBFA/IKZkVycCSZg"},"owl-eye-4":{"__uuid__":"eb+jc1+0VK75K3Dmm4/8c+"},"owl-eye-5":{"__uuid__":"feoSUnCCVNnrmweX8G22Ci"},"owl-eye-6":{"__uuid__":"78DbeDLMRKhaKxknY98Wj8"},"owl-eye-7":{"__uuid__":"71mF4jQY1J5IIGSuA+SXA3"},"owl-eye-8":{"__uuid__":"c8M+ckTtlNX7UrrkbJTNgw"},"pulled-diamond-0":{"__uuid__":"7c008+AitCW7qegnSGBdx5"},"pulled-diamond-1":{"__uuid__":"a8q3sNONNEGKZfcGNAzoKn"},"pulled-diamond-2":{"__uuid__":"c5QcDgMtFJ/611OFHAKz2v"},"pulled-diamond-3":{"__uuid__":"59EfHjZEtP5bdTTsNMNhym"},"pulled-diamond-4":{"__uuid__":"11W5Nw2E5CHpwj1EJU5IXM"},"pulled-diamond-5":{"__uuid__":"bbGvF6EwpBcIaJBQfbfGbf"},"pulled-diamond-6":{"__uuid__":"92kgOuKwNEOq7rzXnb7/S4"},"pulled-gem-mouse-0":{"__uuid__":"eftoLJV6hAvYwNmDbfJ+RX"},"pulled-gem-mouse-1":{"__uuid__":"31RMk+ec5O/4qAZkeF/hbG"},"pulled-gem-mouse-2":{"__uuid__":"18XKkUF6hMVpiB5yx3CGJX"},"pulled-gem-mouse-3":{"__uuid__":"01ng3vWUZI1pTdETd9mu0g"},"pulled-gem-mouse-4":{"__uuid__":"9aBfgnTi9I1KBXoyvffXV1"},"pulled-gem-mouse-5":{"__uuid__":"f3CCLx4VhNYpYmOzBWmIYU"},"pulled-gem-mouse-6":{"__uuid__":"a10wr/SK1IqLn7m+9FF7lh"},"pulled-gem-mouse-7":{"__uuid__":"59C/JZU2lHdJEpPO8RppsR"},"pulled-gold-0-0":{"__uuid__":"358ZlMpKpHL5UcCH0k97rY"},"pulled-gold-0-1":{"__uuid__":"5dzhEZnrNIvLbhWBokvOrp"},"pulled-gold-0-2":{"__uuid__":"90kBYLqUtIr7bJCvmAYilS"},"pulled-gold-0-3":{"__uuid__":"04giPAFXlHkbZ0UZnIOl56"},"pulled-gold-0-4":{"__uuid__":"a9HhnOS31OJJD5I9wAuIyW"},"pulled-gold-0-5":{"__uuid__":"32wDYRpSxGQpiYmui7AwKa"},"pulled-gold-0-6":{"__uuid__":"4fYOuUDWJKgL0EY/yOZt/Q"},"pulled-gold-1-0":{"__uuid__":"67ptYpaoxFjYzsLaUy5BZR"},"pulled-gold-1-1":{"__uuid__":"e1uW2YUjVAv5Phk729/gFP"},"pulled-gold-1-2":{"__uuid__":"c1NUaqxM9A06v5kfQS+Sem"},"pulled-gold-1-3":{"__uuid__":"fbqwM3lGxBsb5wiGQJ0dHz"},"pulled-gold-1-4":{"__uuid__":"1eTURc2epB85pwI2s1SiO0"},"pulled-gold-1-5":{"__uuid__":"245rsQgy5OKpWGiJ8O+OI6"},"pulled-gold-1-6":{"__uuid__":"63xj+l9jVPGp0sL20y5uWr"},"rope":{"__uuid__":"1eF1NO08pNUYNyNYVfFqwQ"},"skull":{"__uuid__":"5fZ/0g9f5Iiax9nvA2G4q+"},"soil-0":{"__uuid__":"98yC1fvKtHCay6YSLShAr1"},"soil-1":{"__uuid__":"6avvIBOkhFEqoL8kj+akzK"},"stone-0":{"__uuid__":"99MFXciRxM3KQBByYuy37l"},"stone-1":{"__uuid__":"34P/fehGpIKIKb36Rd0UDM"},"TNT":{"__uuid__":"2536adF0xKQZn7eRwBV/My"},"TNT-fragment":{"__uuid__":"085vGDn1FKHbZmwcISbWIZ"},"treasure-bag":{"__uuid__":"64FdEMelVOBb2qZflbZaOS"}}},{"__type__":"cc.SpriteFrame","content":{"name":"achievement-iOS-btn-0","texture":"30a8FifZJB7YhLZLzpLaQg","rect":[779,682,60,60],"offset":[0,0],"originalSize":[60,60],"capInsets":[0,0,0,0]}},{"__type__":"cc.SpriteFrame","content":{"name":"rope","texture":"12VAfM9NRBb5C08Bxq6AE7","rect":[1020,126,3,20],"offset":[0,0],"originalSize":[3,20],"capInsets":[0,0,0,0]}},{"__type__":"cc.SpriteFrame","content":{"name":"pulled-gold-1-4","texture":"12VAfM9NRBb5C08Bxq6AE7","rect":[839,0,163,162],"offset":[0,0],"originalSize":[163,162],"capInsets":[0,0,0,0]}},{"__type__":"cc.SpriteFrame","content":{"name":"sound-on-btn-0","texture":"30a8FifZJB7YhLZLzpLaQg","rect":[877,218,70,70],"offset":[0,0],"originalSize":[70,70],"capInsets":[0,0,0,0]}},{"__type__":"cc.SpriteFrame","content":{"name":"helicopter-2","texture":"12VAfM9NRBb5C08Bxq6AE7","rect":[789,462,50,24],"offset":[0,0],"originalSize":[50,24],"rotated":1,"capInsets":[0,0,0,0]}},{"__type__":"cc.SpriteFrame","content":{"name":"start-0","texture":"30a8FifZJB7YhLZLzpLaQg","rect":[76,804,200,72],"offset":[6,13],"originalSize":[300,200],"rotated":1,"capInsets":[0,0,0,0]}},{"__type__":"cc.SpriteFrame","content":{"name":"mouse-4","texture":"12VAfM9NRBb5C08Bxq6AE7","rect":[799,863,53,42],"offset":[0,0],"originalSize":[53,42],"capInsets":[0,0,0,0]}},{"__type__":"cc.SpriteFrame","content":{"name":"gold-0-1","texture":"12VAfM9NRBb5C08Bxq6AE7","rect":[100,835,98,99],"offset":[0,0],"originalSize":[98,99],"rotated":1,"capInsets":[0,0,0,0]}},{"__type__":"cc.SpriteFrame","content":{"name":"dolphin-0","texture":"12VAfM9NRBb5C08Bxq6AE7","rect":[0,958,40,50],"offset":[0,0],"originalSize":[40,50],"capInsets":[0,0,0,0]}},{"__type__":"cc.SpriteFrame","content":{"name":"gold-0-4","texture":"12VAfM9NRBb5C08Bxq6AE7","rect":[108,730,100,105],"offset":[0,0],"originalSize":[100,105],"capInsets":[0,0,0,0]}},{"__type__":"cc.SpriteFrame","content":{"name":"bone-1","texture":"12VAfM9NRBb5C08Bxq6AE7","rect":[953,886,35,35],"offset":[0,0],"originalSize":[35,35],"capInsets":[0,0,0,0]}},{"__type__":"cc.SpriteFrame","content":{"name":"menu1-btn-0","texture":"30a8FifZJB7YhLZLzpLaQg","rect":[816,558,60,60],"offset":[0,0],"originalSize":[60,60],"capInsets":[0,0,0,0]}},{"__type__":"cc.SpriteFrame","content":{"name":"pulled-gold-1-5","texture":"12VAfM9NRBb5C08Bxq6AE7","rect":[560,100,163,162],"offset":[0,0],"originalSize":[163,162],"capInsets":[0,0,0,0]}},{"__type__":"cc.SpriteFrame","content":{"name":"gem-mouse-3","texture":"12VAfM9NRBb5C08Bxq6AE7","rect":[208,678,53,42],"offset":[0,0],"originalSize":[53,42],"rotated":1,"capInsets":[0,0,0,0]}},{"__type__":"cc.SpriteFrame","content":{"name":"TNT","texture":"12VAfM9NRBb5C08Bxq6AE7","rect":[502,413,55,68],"offset":[0,0],"originalSize":[55,68],"capInsets":[0,0,0,0]}},{"__type__":"cc.SpriteFrame","content":{"name":"diamond-0","texture":"12VAfM9NRBb5C08Bxq6AE7","rect":[1002,0,32,22],"offset":[0,0],"originalSize":[32,22],"rotated":1,"capInsets":[0,0,0,0]}},{"__type__":"cc.SpriteFrame","content":{"name":"leaves-2-night","texture":"12VAfM9NRBb5C08Bxq6AE7","rect":[135,272,192,89],"offset":[0,0],"originalSize":[192,89],"rotated":1,"capInsets":[0,0,0,0]}},{"__type__":"cc.SpriteFrame","content":{"name":"auto-btn-0","texture":"30a8FifZJB7YhLZLzpLaQg","rect":[448,528,240,78],"offset":[0,0],"originalSize":[240,78],"rotated":1,"capInsets":[0,0,0,0]}},{"__type__":"cc.SpriteFrame","content":{"name":"diamond-3","texture":"12VAfM9NRBb5C08Bxq6AE7","rect":[603,948,40,46],"offset":[0,0],"originalSize":[40,46],"rotated":1,"capInsets":[0,0,0,0]}},{"__type__":"cc.SpriteFrame","content":{"name":"pulled-gem-mouse-1","texture":"12VAfM9NRBb5C08Bxq6AE7","rect":[501,606,53,48],"offset":[0,0],"originalSize":[53,48],"capInsets":[0,0,0,0]}},{"__type__":"cc.SpriteFrame","content":{"name":"strength","texture":"30a8FifZJB7YhLZLzpLaQg","rect":[410,486,75,40],"offset":[0,0],"originalSize":[75,40],"capInsets":[0,0,0,0]}},{"__type__":"cc.SpriteFrame","content":{"name":"leaves-0-night","texture":"12VAfM9NRBb5C08Bxq6AE7","rect":[0,266,218,79],"offset":[0,0],"originalSize":[218,79],"rotated":1,"capInsets":[0,0,0,0]}},{"__type__":"cc.SpriteFrame","content":{"name":"cloud","texture":"30a8FifZJB7YhLZLzpLaQg","rect":[274,788,222,94],"offset":[0,0],"originalSize":[222,94],"rotated":1,"capInsets":[0,0,0,0]}},{"__type__":"cc.SpriteFrame","content":{"name":"pulled-gold-0-5","texture":"12VAfM9NRBb5C08Bxq6AE7","rect":[559,411,150,149],"offset":[0,0],"originalSize":[150,149],"capInsets":[0,0,0,0]}},{"__type__":"cc.SpriteFrame","content":{"name":"stone-1","texture":"12VAfM9NRBb5C08Bxq6AE7","rect":[224,454,60,52],"offset":[0,0],"originalSize":[60,52],"rotated":1,"capInsets":[0,0,0,0]}},{"__type__":"cc.SpriteFrame","content":{"name":"dolphin-5","texture":"12VAfM9NRBb5C08Bxq6AE7","rect":[458,862,50,38],"offset":[0,0],"originalSize":[50,38],"capInsets":[0,0,0,0]}},{"__type__":"cc.SpriteFrame","content":{"name":"dolphin-1","texture":"12VAfM9NRBb5C08Bxq6AE7","rect":[988,218,36,50],"offset":[0,0],"originalSize":[36,50],"capInsets":[0,0,0,0]}},{"__type__":"cc.SpriteFrame","content":{"name":"owl-eye-2","texture":"12VAfM9NRBb5C08Bxq6AE7","rect":[1008,138,16,6],"offset":[0,0],"originalSize":[16,6],"rotated":1,"capInsets":[0,0,0,0]}},{"__type__":"cc.SpriteFrame","content":{"name":"pulled-gold-0-0","texture":"12VAfM9NRBb5C08Bxq6AE7","rect":[359,822,98,99],"offset":[0,0],"originalSize":[98,99],"rotated":1,"capInsets":[0,0,0,0]}},{"__type__":"cc.SpriteFrame","content":{"name":"dolphin-12","texture":"12VAfM9NRBb5C08Bxq6AE7","rect":[66,611,48,62],"offset":[0,0],"originalSize":[48,62],"rotated":1,"capInsets":[0,0,0,0]}},{"__type__":"cc.SpriteFrame","content":{"name":"btn-1","texture":"30a8FifZJB7YhLZLzpLaQg","rect":[370,776,240,78],"offset":[0,0],"originalSize":[240,78],"rotated":1,"capInsets":[0,0,0,0]}},{"__type__":"cc.SpriteFrame","content":{"name":"menu2-open-btn-0","texture":"30a8FifZJB7YhLZLzpLaQg","rect":[816,496,60,60],"offset":[0,0],"originalSize":[60,60],"capInsets":[0,0,0,0]}},{"__type__":"cc.SpriteFrame","content":{"name":"high-score-1","texture":"12VAfM9NRBb5C08Bxq6AE7","rect":[795,100,156,30],"offset":[0,0],"originalSize":[156,30],"rotated":1,"capInsets":[0,0,0,0]}},{"__type__":"cc.SpriteFrame","content":{"name":"lucky-clover","texture":"30a8FifZJB7YhLZLzpLaQg","rect":[601,107,119,135],"offset":[0,0],"originalSize":[119,135],"rotated":1,"capInsets":[0,0,0,0]}},{"__type__":"cc.SpriteFrame","content":{"name":"mouse-5","texture":"12VAfM9NRBb5C08Bxq6AE7","rect":[953,950,53,42],"offset":[0,0],"originalSize":[53,42],"capInsets":[0,0,0,0]}},{"__type__":"cc.SpriteFrame","content":{"name":"gem-mouse-6","texture":"12VAfM9NRBb5C08Bxq6AE7","rect":[489,736,53,42],"offset":[0,0],"originalSize":[53,42],"capInsets":[0,0,0,0]}},{"__type__":"cc.SpriteFrame","content":{"name":"turkish-btn-0","texture":"30a8FifZJB7YhLZLzpLaQg","rect":[738,107,105,70],"offset":[0,0],"originalSize":[105,70],"rotated":1,"capInsets":[0,0,0,0]}},{"__type__":"cc.SpriteFrame","content":{"name":"clouds-0","texture":"12VAfM9NRBb5C08Bxq6AE7","rect":[0,484,236,66],"offset":[0,0],"originalSize":[236,66],"rotated":1,"capInsets":[0,0,0,0]}},{"__type__":"cc.SpriteFrame","content":{"name":"goal-symbol","texture":"12VAfM9NRBb5C08Bxq6AE7","rect":[691,597,110,150],"offset":[0,0],"originalSize":[110,150],"capInsets":[0,0,0,0]}},{"__type__":"cc.SpriteFrame","content":{"name":"gem-mouse-0","texture":"12VAfM9NRBb5C08Bxq6AE7","rect":[199,932,49,42],"offset":[0,0],"originalSize":[49,42],"capInsets":[0,0,0,0]}},{"__type__":"cc.SpriteFrame","content":{"name":"miner-face-smile","texture":"30a8FifZJB7YhLZLzpLaQg","rect":[546,875,85,106],"offset":[0,0],"originalSize":[85,106],"capInsets":[0,0,0,0]}},{"__type__":"cc.SpriteFrame","content":{"name":"dolphin-6","texture":"12VAfM9NRBb5C08Bxq6AE7","rect":[867,729,46,32],"offset":[0,0],"originalSize":[46,32],"capInsets":[0,0,0,0]}},{"__type__":"cc.SpriteFrame","content":{"name":"owl-eye-0","texture":"12VAfM9NRBb5C08Bxq6AE7","rect":[1014,126,16,6],"offset":[0,0],"originalSize":[16,6],"rotated":1,"capInsets":[0,0,0,0]}},{"__type__":"cc.SpriteFrame","content":{"name":"pulled-gold-0-6","texture":"12VAfM9NRBb5C08Bxq6AE7","rect":[813,480,150,149],"offset":[0,0],"originalSize":[150,149],"capInsets":[0,0,0,0]}},{"__type__":"cc.SpriteFrame","content":{"name":"night-btn-0","texture":"30a8FifZJB7YhLZLzpLaQg","rect":[288,538,240,78],"offset":[0,0],"originalSize":[240,78],"rotated":1,"capInsets":[0,0,0,0]}},{"__type__":"cc.SpriteFrame","content":{"name":"diamond-5","texture":"12VAfM9NRBb5C08Bxq6AE7","rect":[66,659,52,50],"offset":[0,0],"originalSize":[52,50],"capInsets":[0,0,0,0]}},{"__type__":"cc.SpriteFrame","content":{"name":"english-btn-0","texture":"30a8FifZJB7YhLZLzpLaQg","rect":[917,146,105,70],"offset":[0,0],"originalSize":[105,70],"capInsets":[0,0,0,0]}},{"__type__":"cc.SpriteFrame","content":{"name":"gem-mouse-5","texture":"12VAfM9NRBb5C08Bxq6AE7","rect":[978,366,57,46],"offset":[0,0],"originalSize":[57,46],"rotated":1,"capInsets":[0,0,0,0]}},{"__type__":"cc.SpriteFrame","content":{"name":"gem-mouse-7","texture":"12VAfM9NRBb5C08Bxq6AE7","rect":[489,778,53,42],"offset":[0,0],"originalSize":[53,42],"capInsets":[0,0,0,0]}},{"__type__":"cc.SpriteFrame","content":{"name":"dolphin-3","texture":"12VAfM9NRBb5C08Bxq6AE7","rect":[988,268,32,50],"offset":[0,0],"originalSize":[32,50],"capInsets":[0,0,0,0]}},{"__type__":"cc.SpriteFrame","content":{"name":"rank-0","texture":"30a8FifZJB7YhLZLzpLaQg","rect":[913,424,60,60],"offset":[0,0],"originalSize":[60,60],"capInsets":[0,0,0,0]}},{"__type__":"cc.SpriteFrame","content":{"name":"dolphin-8","texture":"12VAfM9NRBb5C08Bxq6AE7","rect":[988,170,48,26],"offset":[0,0],"originalSize":[48,26],"rotated":1,"capInsets":[0,0,0,0]}},{"__type__":"cc.SpriteFrame","content":{"name":"pulled-gem-mouse-7","texture":"12VAfM9NRBb5C08Bxq6AE7","rect":[0,720,53,42],"offset":[0,0],"originalSize":[53,42],"capInsets":[0,0,0,0]}},{"__type__":"cc.SpriteFrame","content":{"name":"pulled-diamond-3","texture":"12VAfM9NRBb5C08Bxq6AE7","rect":[135,464,86,76],"offset":[0,0],"originalSize":[86,76],"capInsets":[0,0,0,0]}},{"__type__":"cc.SpriteFrame","content":{"name":"goal-money-banner","texture":"12VAfM9NRBb5C08Bxq6AE7","rect":[819,322,159,158],"offset":[0,0],"originalSize":[159,158],"capInsets":[0,0,0,0]}},{"__type__":"cc.SpriteFrame","content":{"name":"music-off-btn-1","texture":"30a8FifZJB7YhLZLzpLaQg","rect":[769,362,70,70],"offset":[0,0],"originalSize":[70,70],"capInsets":[0,0,0,0]}},{"__type__":"cc.SpriteFrame","content":{"name":"pulled-gold-0-1","texture":"12VAfM9NRBb5C08Bxq6AE7","rect":[652,853,104,105],"offset":[0,0],"originalSize":[104,105],"rotated":1,"capInsets":[0,0,0,0]}},{"__type__":"cc.SpriteFrame","content":{"name":"bone-0","texture":"12VAfM9NRBb5C08Bxq6AE7","rect":[953,921,35,29],"offset":[0,0],"originalSize":[35,29],"capInsets":[0,0,0,0]}},{"__type__":"cc.SpriteFrame","content":{"name":"skull","texture":"12VAfM9NRBb5C08Bxq6AE7","rect":[66,552,60,59],"offset":[0,0],"originalSize":[60,59],"capInsets":[0,0,0,0]}},{"__type__":"cc.SpriteFrame","content":{"name":"high-score","texture":"12VAfM9NRBb5C08Bxq6AE7","rect":[560,0,279,100],"offset":[0,0],"originalSize":[279,100],"capInsets":[0,0,0,0]}},{"__type__":"cc.SpriteFrame","content":{"name":"cave-1","texture":"30a8FifZJB7YhLZLzpLaQg","rect":[2,274,206,270],"offset":[-7,1],"originalSize":[220,276],"capInsets":[0,0,0,0]}},{"__type__":"cc.SpriteFrame","content":{"name":"miner-leg-1","texture":"30a8FifZJB7YhLZLzpLaQg","rect":[450,2,101,152],"offset":[2,4],"originalSize":[105,160],"rotated":1,"capInsets":[0,0,0,0]}},{"__type__":"cc.SpriteFrame","content":{"name":"dolphin-4","texture":"12VAfM9NRBb5C08Bxq6AE7","rect":[988,318,32,48],"offset":[0,0],"originalSize":[32,48],"capInsets":[0,0,0,0]}},{"__type__":"cc.SpriteFrame","content":{"name":"vietnamese-btn-1","texture":"30a8FifZJB7YhLZLzpLaQg","rect":[682,496,105,70],"offset":[0,0],"originalSize":[105,70],"rotated":1,"capInsets":[0,0,0,0]}},{"__type__":"cc.SpriteFrame","content":{"name":"gold-1-2","texture":"12VAfM9NRBb5C08Bxq6AE7","rect":[668,747,115,106],"offset":[0,0],"originalSize":[115,106],"capInsets":[0,0,0,0]}},{"__type__":"cc.SpriteFrame","content":{"name":"pulled-gold-1-6","texture":"12VAfM9NRBb5C08Bxq6AE7","rect":[825,162,163,160],"offset":[0,0],"originalSize":[163,160],"capInsets":[0,0,0,0]}},{"__type__":"cc.SpriteFrame","content":{"name":"treasure-bag","texture":"12VAfM9NRBb5C08Bxq6AE7","rect":[509,289,50,63],"offset":[0,0],"originalSize":[50,63],"capInsets":[0,0,0,0]}},{"__type__":"cc.SpriteFrame","content":{"name":"facebook-btn-1","texture":"30a8FifZJB7YhLZLzpLaQg","rect":[841,672,60,60],"offset":[0,0],"originalSize":[60,60],"capInsets":[0,0,0,0]}},{"__type__":"cc.SpriteFrame","content":{"name":"dolphin-14","texture":"12VAfM9NRBb5C08Bxq6AE7","rect":[990,766,34,42],"offset":[0,0],"originalSize":[34,42],"capInsets":[0,0,0,0]}},{"__type__":"cc.SpriteFrame","content":{"name":"dolphin-7","texture":"12VAfM9NRBb5C08Bxq6AE7","rect":[795,312,50,24],"offset":[0,0],"originalSize":[50,24],"rotated":1,"capInsets":[0,0,0,0]}},{"__type__":"cc.SpriteFrame","content":{"name":"pulled-gold-1-0","texture":"12VAfM9NRBb5C08Bxq6AE7","rect":[346,920,95,98],"offset":[0,0],"originalSize":[95,98],"capInsets":[0,0,0,0]}},{"__type__":"cc.SpriteFrame","content":{"name":"diamond-2","texture":"12VAfM9NRBb5C08Bxq6AE7","rect":[990,808,34,36],"offset":[0,0],"originalSize":[34,36],"capInsets":[0,0,0,0]}},{"__type__":"cc.SpriteFrame","content":{"name":"soil-1","texture":"12VAfM9NRBb5C08Bxq6AE7","rect":[603,898,38,50],"offset":[0,0],"originalSize":[38,50],"capInsets":[0,0,0,0]}},{"__type__":"cc.SpriteFrame","content":{"name":"coconuts-night","texture":"12VAfM9NRBb5C08Bxq6AE7","rect":[279,0,281,130],"offset":[0,0],"originalSize":[281,130],"capInsets":[0,0,0,0]}},{"__type__":"cc.SpriteFrame","content":{"name":"leaves-2","texture":"12VAfM9NRBb5C08Bxq6AE7","rect":[412,407,184,90],"offset":[0,0],"originalSize":[184,90],"rotated":1,"capInsets":[0,0,0,0]}},{"__type__":"cc.SpriteFrame","content":{"name":"gold-1-3","texture":"12VAfM9NRBb5C08Bxq6AE7","rect":[276,530,115,118],"offset":[0,0],"originalSize":[115,118],"rotated":1,"capInsets":[0,0,0,0]}},{"__type__":"cc.SpriteFrame","content":{"name":"diamond-6","texture":"12VAfM9NRBb5C08Bxq6AE7","rect":[988,909,34,30],"offset":[0,0],"originalSize":[34,30],"capInsets":[0,0,0,0]}},{"__type__":"cc.SpriteFrame","content":{"name":"menu2-close-btn-1","texture":"30a8FifZJB7YhLZLzpLaQg","rect":[878,548,60,60],"offset":[0,0],"originalSize":[60,60],"capInsets":[0,0,0,0]}},{"__type__":"cc.SpriteFrame","content":{"name":"english-btn-1","texture":"30a8FifZJB7YhLZLzpLaQg","rect":[810,146,105,70],"offset":[0,0],"originalSize":[105,70],"capInsets":[0,0,0,0]}},{"__type__":"cc.SpriteFrame","content":{"name":"game-center-btn-0","texture":"30a8FifZJB7YhLZLzpLaQg","rect":[779,620,60,60],"offset":[0,0],"originalSize":[60,60],"capInsets":[0,0,0,0]}},{"__type__":"cc.SpriteFrame","content":{"name":"owl-eye-7","texture":"12VAfM9NRBb5C08Bxq6AE7","rect":[825,100,16,6],"offset":[0,0],"originalSize":[16,6],"rotated":1,"capInsets":[0,0,0,0]}},{"__type__":"cc.SpriteFrame","content":{"name":"turkish-btn-1","texture":"30a8FifZJB7YhLZLzpLaQg","rect":[733,228,105,70],"offset":[0,0],"originalSize":[105,70],"rotated":1,"capInsets":[0,0,0,0]}},{"__type__":"cc.SpriteFrame","content":{"name":"random-btn-0","texture":"30a8FifZJB7YhLZLzpLaQg","rect":[210,2,240,78],"offset":[0,0],"originalSize":[240,78],"rotated":1,"capInsets":[0,0,0,0]}},{"__type__":"cc.SpriteFrame","content":{"name":"day-btn-1","texture":"30a8FifZJB7YhLZLzpLaQg","rect":[290,2,240,78],"offset":[0,0],"originalSize":[240,78],"rotated":1,"capInsets":[0,0,0,0]}},{"__type__":"cc.SpriteFrame","content":{"name":"gold-1-6","texture":"12VAfM9NRBb5C08Bxq6AE7","rect":[508,898,95,98],"offset":[0,0],"originalSize":[95,98],"capInsets":[0,0,0,0]}},{"__type__":"cc.SpriteFrame","content":{"name":"owl-eye-6","texture":"12VAfM9NRBb5C08Bxq6AE7","rect":[1014,158,16,6],"offset":[0,0],"originalSize":[16,6],"rotated":1,"capInsets":[0,0,0,0]}},{"__type__":"cc.SpriteFrame","content":{"name":"gold-1-0","texture":"12VAfM9NRBb5C08Bxq6AE7","rect":[757,906,95,98],"offset":[0,0],"originalSize":[95,98],"capInsets":[0,0,0,0]}},{"__type__":"cc.SpriteFrame","content":{"name":"btn-2","texture":"30a8FifZJB7YhLZLzpLaQg","rect":[368,534,240,78],"offset":[0,0],"originalSize":[240,78],"rotated":1,"capInsets":[0,0,0,0]}},{"__type__":"cc.SpriteFrame","content":{"name":"btn-0","texture":"30a8FifZJB7YhLZLzpLaQg","rect":[370,2,240,78],"offset":[0,0],"originalSize":[240,78],"rotated":1,"capInsets":[0,0,0,0]}},{"__type__":"cc.SpriteFrame","content":{"name":"pulled-diamond-0","texture":"12VAfM9NRBb5C08Bxq6AE7","rect":[1002,32,32,22],"offset":[0,0],"originalSize":[32,22],"rotated":1,"capInsets":[0,0,0,0]}},{"__type__":"cc.SpriteFrame","content":{"name":"gold-1-5","texture":"12VAfM9NRBb5C08Bxq6AE7","rect":[394,591,107,126],"offset":[0,0],"originalSize":[107,126],"capInsets":[0,0,0,0]}},{"__type__":"cc.SpriteFrame","content":{"name":"next-btn-1","texture":"30a8FifZJB7YhLZLzpLaQg","rect":[450,994,75,27],"offset":[0,0],"originalSize":[75,27],"capInsets":[0,0,0,0]}},{"__type__":"cc.SpriteFrame","content":{"name":"achievement-android-btn-1","texture":"30a8FifZJB7YhLZLzpLaQg","rect":[841,734,60,60],"offset":[0,0],"originalSize":[60,60],"capInsets":[0,0,0,0]}},{"__type__":"cc.SpriteFrame","content":{"name":"helicopter-3","texture":"12VAfM9NRBb5C08Bxq6AE7","rect":[789,512,50,24],"offset":[0,0],"originalSize":[50,24],"rotated":1,"capInsets":[0,0,0,0]}},{"__type__":"cc.SpriteFrame","content":{"name":"clouds-night-0","texture":"12VAfM9NRBb5C08Bxq6AE7","rect":[801,629,234,66],"offset":[0,0],"originalSize":[234,66],"rotated":1,"capInsets":[0,0,0,0]}},{"__type__":"cc.SpriteFrame","content":{"name":"claw-0","texture":"12VAfM9NRBb5C08Bxq6AE7","rect":[1002,64,20,31],"offset":[0,0],"originalSize":[20,31],"capInsets":[0,0,0,0]}},{"__type__":"cc.SpriteFrame","content":{"name":"more-game-btn-2","texture":"30a8FifZJB7YhLZLzpLaQg","rect":[893,486,60,60],"offset":[0,0],"originalSize":[60,60],"capInsets":[0,0,0,0]}},{"__type__":"cc.SpriteFrame","content":{"name":"coconuts","texture":"12VAfM9NRBb5C08Bxq6AE7","rect":[0,0,279,132],"offset":[0,0],"originalSize":[279,132],"capInsets":[0,0,0,0]}},{"__type__":"cc.SpriteFrame","content":{"name":"gem-mouse-2","texture":"12VAfM9NRBb5C08Bxq6AE7","rect":[208,773,53,40],"offset":[0,0],"originalSize":[53,40],"rotated":1,"capInsets":[0,0,0,0]}},{"__type__":"cc.SpriteFrame","content":{"name":"facebook-btn-0","texture":"30a8FifZJB7YhLZLzpLaQg","rect":[903,672,60,60],"offset":[0,0],"originalSize":[60,60],"capInsets":[0,0,0,0]}},{"__type__":"cc.SpriteFrame","content":{"name":"dynamite","texture":"30a8FifZJB7YhLZLzpLaQg","rect":[528,528,65,135],"offset":[0,0],"originalSize":[65,135],"capInsets":[0,0,0,0]}},{"__type__":"cc.SpriteFrame","content":{"name":"gold-0-3","texture":"12VAfM9NRBb5C08Bxq6AE7","rect":[557,687,110,111],"offset":[0,0],"originalSize":[110,111],"rotated":1,"capInsets":[0,0,0,0]}},{"__type__":"cc.SpriteFrame","content":{"name":"achievement-iOS-btn-1","texture":"30a8FifZJB7YhLZLzpLaQg","rect":[717,682,60,60],"offset":[0,0],"originalSize":[60,60],"capInsets":[0,0,0,0]}},{"__type__":"cc.SpriteFrame","content":{"name":"pulled-gold-0-2","texture":"12VAfM9NRBb5C08Bxq6AE7","rect":[276,415,122,115],"offset":[0,0],"originalSize":[122,115],"capInsets":[0,0,0,0]}},{"__type__":"cc.SpriteFrame","content":{"name":"pulled-diamond-6","texture":"12VAfM9NRBb5C08Bxq6AE7","rect":[502,546,60,56],"offset":[0,0],"originalSize":[60,56],"rotated":1,"capInsets":[0,0,0,0]}},{"__type__":"cc.SpriteFrame","content":{"name":"cloud-night","texture":"30a8FifZJB7YhLZLzpLaQg","rect":[450,770,222,94],"offset":[0,0],"originalSize":[222,94],"rotated":1,"capInsets":[0,0,0,0]}},{"__type__":"cc.SpriteFrame","content":{"name":"gold-0-0","texture":"12VAfM9NRBb5C08Bxq6AE7","rect":[260,747,98,99],"offset":[0,0],"originalSize":[98,99],"rotated":1,"capInsets":[0,0,0,0]}},{"__type__":"cc.SpriteFrame","content":{"name":"soil-0","texture":"12VAfM9NRBb5C08Bxq6AE7","rect":[509,130,50,94],"offset":[0,0],"originalSize":[50,94],"capInsets":[0,0,0,0]}},{"__type__":"cc.SpriteFrame","content":{"name":"stone-0","texture":"12VAfM9NRBb5C08Bxq6AE7","rect":[208,628,50,52],"offset":[0,0],"originalSize":[50,52],"rotated":1,"capInsets":[0,0,0,0]}},{"__type__":"cc.SpriteFrame","content":{"name":"pulled-gem-mouse-4","texture":"12VAfM9NRBb5C08Bxq6AE7","rect":[509,224,65,50],"offset":[0,0],"originalSize":[65,50],"rotated":1,"capInsets":[0,0,0,0]}},{"__type__":"cc.SpriteFrame","content":{"name":"miner-leg-0","texture":"30a8FifZJB7YhLZLzpLaQg","rect":[150,804,101,154],"offset":[2,3],"originalSize":[105,160],"capInsets":[0,0,0,0]}},{"__type__":"cc.SpriteFrame","content":{"name":"more-game-btn-1","texture":"30a8FifZJB7YhLZLzpLaQg","rect":[955,486,60,60],"offset":[0,0],"originalSize":[60,60],"capInsets":[0,0,0,0]}},{"__type__":"cc.SpriteFrame","content":{"name":"dolphin-13","texture":"12VAfM9NRBb5C08Bxq6AE7","rect":[501,654,40,56],"offset":[0,0],"originalSize":[40,56],"rotated":1,"capInsets":[0,0,0,0]}},{"__type__":"cc.SpriteFrame","content":{"name":"level-time-banner","texture":"12VAfM9NRBb5C08Bxq6AE7","rect":[279,288,133,127],"offset":[0,0],"originalSize":[133,127],"capInsets":[0,0,0,0]}},{"__type__":"cc.SpriteFrame","content":{"name":"diamond-1","texture":"12VAfM9NRBb5C08Bxq6AE7","rect":[990,877,32,32],"offset":[0,0],"originalSize":[32,32],"capInsets":[0,0,0,0]}},{"__type__":"cc.SpriteFrame","content":{"name":"helicopter-0","texture":"12VAfM9NRBb5C08Bxq6AE7","rect":[795,362,50,24],"offset":[0,0],"originalSize":[50,24],"rotated":1,"capInsets":[0,0,0,0]}},{"__type__":"cc.SpriteFrame","content":{"name":"mouse-7","texture":"12VAfM9NRBb5C08Bxq6AE7","rect":[66,709,53,42],"offset":[0,0],"originalSize":[53,42],"rotated":1,"capInsets":[0,0,0,0]}},{"__type__":"cc.SpriteFrame","content":{"name":"gold-0-2","texture":"12VAfM9NRBb5C08Bxq6AE7","rect":[542,797,110,101],"offset":[0,0],"originalSize":[110,101],"capInsets":[0,0,0,0]}},{"__type__":"cc.SpriteFrame","content":{"name":"pulled-gem-mouse-6","texture":"12VAfM9NRBb5C08Bxq6AE7","rect":[502,481,65,56],"offset":[0,0],"originalSize":[65,56],"rotated":1,"capInsets":[0,0,0,0]}},{"__type__":"cc.SpriteFrame","content":{"name":"next-btn-0","texture":"30a8FifZJB7YhLZLzpLaQg","rect":[527,994,75,27],"offset":[0,0],"originalSize":[75,27],"capInsets":[0,0,0,0]}},{"__type__":"cc.SpriteFrame","content":{"name":"pulled-diamond-1","texture":"12VAfM9NRBb5C08Bxq6AE7","rect":[221,572,56,50],"offset":[0,0],"originalSize":[56,50],"rotated":1,"capInsets":[0,0,0,0]}},{"__type__":"cc.SpriteFrame","content":{"name":"leaves-0","texture":"12VAfM9NRBb5C08Bxq6AE7","rect":[709,378,219,80],"offset":[0,0],"originalSize":[219,80],"rotated":1,"capInsets":[0,0,0,0]}},{"__type__":"cc.SpriteFrame","content":{"name":"pulled-gold-0-4","texture":"12VAfM9NRBb5C08Bxq6AE7","rect":[559,262,150,149],"offset":[0,0],"originalSize":[150,149],"capInsets":[0,0,0,0]}},{"__type__":"cc.SpriteFrame","content":{"name":"dolphin-2","texture":"12VAfM9NRBb5C08Bxq6AE7","rect":[795,256,28,56],"offset":[0,0],"originalSize":[28,56],"capInsets":[0,0,0,0]}},{"__type__":"cc.SpriteFrame","content":{"name":"miner-leg-2","texture":"30a8FifZJB7YhLZLzpLaQg","rect":[604,2,103,152],"offset":[1,4],"originalSize":[105,160],"rotated":1,"capInsets":[0,0,0,0]}},{"__type__":"cc.SpriteFrame","content":{"name":"leaderboard-btn-0","texture":"30a8FifZJB7YhLZLzpLaQg","rect":[940,610,60,60],"offset":[0,0],"originalSize":[60,60],"capInsets":[0,0,0,0]}},{"__type__":"cc.SpriteFrame","content":{"name":"start-1","texture":"30a8FifZJB7YhLZLzpLaQg","rect":[2,804,200,72],"offset":[6,13],"originalSize":[300,200],"rotated":1,"capInsets":[0,0,0,0]}},{"__type__":"cc.SpriteFrame","content":{"name":"menu1-btn-1","texture":"30a8FifZJB7YhLZLzpLaQg","rect":[754,558,60,60],"offset":[0,0],"originalSize":[60,60],"capInsets":[0,0,0,0]}},{"__type__":"cc.SpriteFrame","content":{"name":"option-btn-0","texture":"30a8FifZJB7YhLZLzpLaQg","rect":[831,434,60,60],"offset":[0,0],"originalSize":[60,60],"capInsets":[0,0,0,0]}},{"__type__":"cc.SpriteFrame","content":{"name":"music-off-btn-0","texture":"30a8FifZJB7YhLZLzpLaQg","rect":[841,362,70,70],"offset":[0,0],"originalSize":[70,70],"capInsets":[0,0,0,0]}},{"__type__":"cc.SpriteFrame","content":{"name":"rate-btn-1","texture":"30a8FifZJB7YhLZLzpLaQg","rect":[212,960,60,60],"offset":[0,0],"originalSize":[60,60],"capInsets":[0,0,0,0]}},{"__type__":"cc.SpriteFrame","content":{"name":"leaves-1","texture":"12VAfM9NRBb5C08Bxq6AE7","rect":[723,100,278,72],"offset":[0,0],"originalSize":[278,72],"rotated":1,"capInsets":[0,0,0,0]}},{"__type__":"cc.SpriteFrame","content":{"name":"icon-288","texture":"30a8FifZJB7YhLZLzpLaQg","rect":[587,242,144,144],"offset":[0,0],"originalSize":[144,144],"capInsets":[0,0,0,0]}},{"__type__":"cc.SpriteFrame","content":{"name":"close-btn-1","texture":"30a8FifZJB7YhLZLzpLaQg","rect":[210,486,50,50],"offset":[0,0],"originalSize":[50,50],"capInsets":[0,0,0,0]}},{"__type__":"cc.SpriteAtlas","_name":"general-sheet.plist","_spriteFrames":{"achievement-android-btn-0":{"__uuid__":"beJCq3YQFNTaRBBi81WV4n"},"achievement-android-btn-1":{"__uuid__":"862EEDn4JMlJHuNwiON0Ny"},"achievement-iOS-btn-0":{"__uuid__":"1cEicp/DVCG5kZWbyM6fM+"},"achievement-iOS-btn-1":{"__uuid__":"8fowDAvgROdpzfg2Rwx9uf"},"auto-btn-0":{"__uuid__":"29aZHkQh1F0Jp+odTuuO4G"},"auto-btn-1":{"__uuid__":"c1rlibOBNDfaBLKOgJvFX3"},"blink-text-back":{"__uuid__":"detiMIpSRN3bEybUwf2lxz"},"btn-0":{"__uuid__":"7cz6ESH/ZIVKyT1ZFTrR+p"},"btn-1":{"__uuid__":"36l1BLE69P/5C0xdlSXsI5"},"btn-2":{"__uuid__":"7bgHgqxAlDB6YoTRehyzS+"},"cave-0":{"__uuid__":"03msy6zA9OqI5Mz94pQIsp"},"cave-1":{"__uuid__":"61U1UWgFpIPI3hsNDTxhaB"},"cave-2":{"__uuid__":"ddDId4m15Ds5L3PQlK5+NS"},"close-btn-0":{"__uuid__":"dbYb28W8hNA7sY4m6GYv02"},"close-btn-1":{"__uuid__":"b7l1BpQ2RMKZlYNSp/C8K1"},"cloud-night":{"__uuid__":"96rLYODRRBLIZcBv1oDzyt"},"cloud":{"__uuid__":"32O4cb9ZJJGogy/KztVLW6"},"day-btn-0":{"__uuid__":"bepupWnE9L+JkTnBsBw/lq"},"day-btn-1":{"__uuid__":"76PEKP/s1N9qoBXkY+bDQL"},"diamond-polish":{"__uuid__":"dce1nrj+RKp4Enu6V66iTq"},"dynamite":{"__uuid__":"8eJKC6KB5ENYCA5aTWzUjJ"},"english-btn-0":{"__uuid__":"52Jcgw+wJIQY/mk3GRz6o7"},"english-btn-1":{"__uuid__":"70LlXa4PZKho2LHIg68TkJ"},"facebook-btn-0":{"__uuid__":"8eHXUb8CdPDazS6dtksCen"},"facebook-btn-1":{"__uuid__":"649hiFunFIUa/NEWLPfXqS"},"game-center-btn-0":{"__uuid__":"70xXta/0JHaKIRGrAf5TCE"},"game-center-btn-1":{"__uuid__":"fdit46nv9AN4ERWc2DvXvA"},"icon-288":{"__uuid__":"b3qg7tXP5ARZXthB9Q6HE2"},"icon-gold-miner-ios7-200":{"__uuid__":"eeC6c1Jb1LnbyuVRfsn/vY"},"leaderboard-btn-0":{"__uuid__":"aap5MaBThAWaOm2RVNvxiH"},"leaderboard-btn-1":{"__uuid__":"c93OeqUYhNbaMufMhMlvSB"},"lucky-clover":{"__uuid__":"37R9A/PYJGHrjBpXs2RH4w"},"menu1-btn-0":{"__uuid__":"23powbGoVAHYTatsMX4HXT"},"menu1-btn-1":{"__uuid__":"abi6hPxFRO14MjOu/O1udK"},"menu2-close-btn-0":{"__uuid__":"00XKZ+BIdOwY3o4zEroUbb"},"menu2-close-btn-1":{"__uuid__":"70H5tYX5NCZ4AwpJbUAtrz"},"menu2-open-btn-0":{"__uuid__":"36ySNzZxVKv53uB/iZ5MJD"},"menu2-open-btn-1":{"__uuid__":"c6TFugwZpCHpdOhKqpTdOH"},"miner-face-normal":{"__uuid__":"bf2Jrd1IZBNLbemZViRVO2"},"miner-face-smile":{"__uuid__":"46GBCKKwNL6oHFgXkJJhp1"},"miner-face-whistle-0":{"__uuid__":"04AqkXb8NJ6LFOjtPFshEa"},"miner-face-whistle-1":{"__uuid__":"12i4KwIkZM+I3ABlduieFK"},"miner-face-whistle-2":{"__uuid__":"15TQU6X4BOQ4U2ZGJswYFw"},"miner-leg-0":{"__uuid__":"9a0oLPwhFPkZnTOWw5qRRH"},"miner-leg-1":{"__uuid__":"61cGiFDFlBT7sIwDQWOQMK"},"miner-leg-2":{"__uuid__":"aaXHUSAjlOvIDxMY8Tz/oR"},"more-game-btn-1":{"__uuid__":"9ba3QIXy5BRKYFetu4vtUY"},"more-game-btn-2":{"__uuid__":"8b9K6zfv1GmbpK8G9b4hoe"},"music-off-btn-0":{"__uuid__":"afY3F7VaJFkru1RhF0BvYT"},"music-off-btn-1":{"__uuid__":"5bqANvUrpLTJrbWNa92Nct"},"music-on-btn-0":{"__uuid__":"144pqPXFJKwakrJ5iGe0kh"},"music-on-btn-1":{"__uuid__":"d5l0Q+s9tBnbOFvzEIJ3yR"},"next-btn-0":{"__uuid__":"a6EB3pw5pEO76LfXdlzg8f"},"next-btn-1":{"__uuid__":"86Jpw7siBBCZj93gIW+R28"},"night-btn-0":{"__uuid__":"50ieKxHItKt4ZRxgGo6VeV"},"night-btn-1":{"__uuid__":"170dHEnt5FmJCJ6Dml2Aol"},"option-btn-0":{"__uuid__":"afXBh3svZM4qjAb3AH14Ym"},"option-btn-1":{"__uuid__":"08g9crrM1Ep4KOg3/LSBV7"},"pause-btn-0":{"__uuid__":"125LXVUxNLEq0l4RWLIxSQ"},"pause-btn-1":{"__uuid__":"c2uAsgsyNNL55dehQGDhPN"},"random-btn-0":{"__uuid__":"76NqD5t1tFV4mIj1V2nrAj"},"random-btn-1":{"__uuid__":"17PSAxZipITIUwvG+DVYlK"},"rank-0":{"__uuid__":"56mVGqZotHv79gUBUR+//g"},"rank-1":{"__uuid__":"11j7rSDwRP34BfNBdP/USG"},"rate-btn-1":{"__uuid__":"afr8SD201Fsb/kC5sla8GM"},"rate-btn-2":{"__uuid__":"c9a/paJEpEvr7p/eF+2vlN"},"rock-collectors-book":{"__uuid__":"eeyVGc3hFLSqgvX9zVu0CL"},"russian-btn-0":{"__uuid__":"da7w17+JdFwZh+u2i38xZd"},"russian-btn-1":{"__uuid__":"d1EH08N3JCzrjs2Tprx2zJ"},"sound-off-btn-0":{"__uuid__":"14P2aqH8dCqqF1cXI9wLr+"},"sound-off-btn-1":{"__uuid__":"d2nB3UWHBNWobw9scn1Tie"},"sound-on-btn-0":{"__uuid__":"1fttMlVqhAE4HoyU5/VpjI"},"sound-on-btn-1":{"__uuid__":"dffCSLxp5IPINIVVavCwr+"},"start-0":{"__uuid__":"21oGH2wThH16kS5iRFAHwL"},"start-1":{"__uuid__":"aa/aY2OitIRIaWxDYUEWkl"},"strength-drink":{"__uuid__":"fcugJN4ytOrpgxr2d5ZWLR"},"strength":{"__uuid__":"31flkoThpC47dSvB+2a+Qn"},"thai-btn-0":{"__uuid__":"da3M1qrr1KOLzIHf+JtXMS"},"thai-btn-1":{"__uuid__":"e6xnh3d/ZNUJCtcZZzWO9t"},"turkish-btn-0":{"__uuid__":"3dFZImrv1IT7ht9Yh25eMt"},"turkish-btn-1":{"__uuid__":"711dFahTRIa4xHYv0WmVHg"},"vietnamese-btn-0":{"__uuid__":"fexzE7KS9DJ4lgVbibzVI8"},"vietnamese-btn-1":{"__uuid__":"62ivaLvhZNv6F/G4x3znjM"}}},{"__type__":"cc.SpriteFrame","content":{"name":"pulled-diamond-5","texture":"12VAfM9NRBb5C08Bxq6AE7","rect":[0,762,100,98],"offset":[0,0],"originalSize":[100,98],"capInsets":[0,0,0,0]}},{"__type__":"cc.SpriteFrame","content":{"name":"dolphin-10","texture":"12VAfM9NRBb5C08Bxq6AE7","rect":[40,958,50,40],"offset":[0,0],"originalSize":[50,40],"capInsets":[0,0,0,0]}},{"__type__":"cc.SpriteFrame","content":{"name":"achievement-android-btn-0","texture":"30a8FifZJB7YhLZLzpLaQg","rect":[903,734,60,60],"offset":[0,0],"originalSize":[60,60],"capInsets":[0,0,0,0]}},{"__type__":"cc.SpriteFrame","content":{"name":"day-btn-0","texture":"30a8FifZJB7YhLZLzpLaQg","rect":[290,244,240,78],"offset":[0,0],"originalSize":[240,78],"rotated":1,"capInsets":[0,0,0,0]}},{"__type__":"cc.SpriteFrame","content":{"name":"mouse-0","texture":"12VAfM9NRBb5C08Bxq6AE7","rect":[99,933,49,42],"offset":[0,0],"originalSize":[49,42],"rotated":1,"capInsets":[0,0,0,0]}},{"__type__":"cc.SpriteFrame","content":{"name":"miner-face-normal","texture":"30a8FifZJB7YhLZLzpLaQg","rect":[630,636,85,106],"offset":[0,0],"originalSize":[85,106],"capInsets":[0,0,0,0]}},{"__type__":"cc.SpriteFrame","content":{"name":"pulled-gold-1-2","texture":"12VAfM9NRBb5C08Bxq6AE7","rect":[867,766,123,120],"offset":[0,0],"originalSize":[123,120],"capInsets":[0,0,0,0]}},{"__type__":"cc.SpriteFrame","content":{"name":"owl","texture":"12VAfM9NRBb5C08Bxq6AE7","rect":[224,272,110,55],"offset":[0,0],"originalSize":[110,55],"rotated":1,"capInsets":[0,0,0,0]}},{"__type__":"cc.SpriteFrame","content":{"name":"auto-btn-1","texture":"30a8FifZJB7YhLZLzpLaQg","rect":[370,244,240,78],"offset":[0,0],"originalSize":[240,78],"rotated":1,"capInsets":[0,0,0,0]}},{"__type__":"cc.SpriteFrame","content":{"name":"dolphin-11","texture":"12VAfM9NRBb5C08Bxq6AE7","rect":[224,382,52,72],"offset":[0,0],"originalSize":[52,72],"capInsets":[0,0,0,0]}},{"__type__":"cc.SpriteFrame","content":{"name":"pause-btn-1","texture":"30a8FifZJB7YhLZLzpLaQg","rect":[314,486,46,46],"offset":[0,0],"originalSize":[80,80],"capInsets":[0,0,0,0]}},{"__type__":"cc.SpriteFrame","content":{"name":"leaves-1-night","texture":"12VAfM9NRBb5C08Bxq6AE7","rect":[438,130,277,71],"offset":[0,0],"originalSize":[277,71],"rotated":1,"capInsets":[0,0,0,0]}},{"__type__":"cc.SpriteFrame","content":{"name":"pulled-diamond-2","texture":"12VAfM9NRBb5C08Bxq6AE7","rect":[128,616,72,80],"offset":[0,0],"originalSize":[72,80],"rotated":1,"capInsets":[0,0,0,0]}},{"__type__":"cc.SpriteFrame","content":{"name":"menu2-open-btn-1","texture":"30a8FifZJB7YhLZLzpLaQg","rect":[754,496,60,60],"offset":[0,0],"originalSize":[60,60],"capInsets":[0,0,0,0]}},{"__type__":"cc.SpriteFrame","content":{"name":"owl-eye-8","texture":"12VAfM9NRBb5C08Bxq6AE7","rect":[831,100,16,6],"offset":[0,0],"originalSize":[16,6],"rotated":1,"capInsets":[0,0,0,0]}},{"__type__":"cc.SpriteFrame","content":{"name":"rate-btn-2","texture":"30a8FifZJB7YhLZLzpLaQg","rect":[150,960,60,60],"offset":[0,0],"originalSize":[60,60],"capInsets":[0,0,0,0]}},{"__type__":"cc.SpriteFrame","content":{"name":"helicopter-1","texture":"12VAfM9NRBb5C08Bxq6AE7","rect":[789,412,50,24],"offset":[0,0],"originalSize":[50,24],"rotated":1,"capInsets":[0,0,0,0]}},{"__type__":"cc.SpriteFrame","content":{"name":"leaderboard-btn-1","texture":"30a8FifZJB7YhLZLzpLaQg","rect":[878,610,60,60],"offset":[0,0],"originalSize":[60,60],"capInsets":[0,0,0,0]}},{"__type__":"cc.SpriteFrame","content":{"name":"claw-2","texture":"12VAfM9NRBb5C08Bxq6AE7","rect":[1002,95,20,31],"offset":[0,0],"originalSize":[20,31],"capInsets":[0,0,0,0]}},{"__type__":"cc.SpriteFrame","content":{"name":"russian-btn-1","texture":"30a8FifZJB7YhLZLzpLaQg","rect":[810,74,105,70],"offset":[0,0],"originalSize":[105,70],"capInsets":[0,0,0,0]}},{"__type__":"cc.SpriteFrame","content":{"name":"gold-0-5","texture":"12VAfM9NRBb5C08Bxq6AE7","rect":[260,645,102,119],"offset":[0,0],"originalSize":[102,119],"rotated":1,"capInsets":[0,0,0,0]}},{"__type__":"cc.SpriteFrame","content":{"name":"sound-off-btn-1","texture":"30a8FifZJB7YhLZLzpLaQg","rect":[949,218,70,70],"offset":[0,0],"originalSize":[70,70],"capInsets":[0,0,0,0]}},{"__type__":"cc.SpriteFrame","content":{"name":"mouse-3","texture":"12VAfM9NRBb5C08Bxq6AE7","rect":[757,853,53,42],"offset":[0,0],"originalSize":[53,42],"rotated":1,"capInsets":[0,0,0,0]}},{"__type__":"cc.AudioClip","_name":"sound 197","_native":".mp3"},{"__type__":"cc.SpriteFrame","content":{"name":"diamond-4","texture":"12VAfM9NRBb5C08Bxq6AE7","rect":[458,900,40,38],"offset":[0,0],"originalSize":[40,38],"capInsets":[0,0,0,0]}},{"__type__":"cc.SpriteFrame","content":{"name":"music-on-btn-1","texture":"30a8FifZJB7YhLZLzpLaQg","rect":[877,290,70,70],"offset":[0,0],"originalSize":[70,70],"capInsets":[0,0,0,0]}},{"__type__":"cc.SpriteFrame","content":{"name":"owl-eye-1","texture":"12VAfM9NRBb5C08Bxq6AE7","rect":[1002,138,16,6],"offset":[0,0],"originalSize":[16,6],"rotated":1,"capInsets":[0,0,0,0]}},{"__type__":"cc.SpriteFrame","content":{"name":"thai-btn-0","texture":"30a8FifZJB7YhLZLzpLaQg","rect":[865,2,105,70],"offset":[0,0],"originalSize":[105,70],"capInsets":[0,0,0,0]}},{"__type__":"cc.SpriteFrame","content":{"name":"russian-btn-0","texture":"30a8FifZJB7YhLZLzpLaQg","rect":[917,74,105,70],"offset":[0,0],"originalSize":[105,70],"capInsets":[0,0,0,0]}},{"__type__":"cc.SpriteFrame","content":{"name":"close-btn-0","texture":"30a8FifZJB7YhLZLzpLaQg","rect":[262,486,50,50],"offset":[0,0],"originalSize":[50,50],"capInsets":[0,0,0,0]}},{"__type__":"cc.SpriteFrame","content":{"name":"diamond-polish","texture":"30a8FifZJB7YhLZLzpLaQg","rect":[487,105,112,135],"offset":[-2,0],"originalSize":[116,135],"capInsets":[0,0,0,0]}},{"__type__":"cc.SpriteFrame","content":{"name":"dolphin-9","texture":"12VAfM9NRBb5C08Bxq6AE7","rect":[208,731,52,42],"offset":[0,0],"originalSize":[52,42],"capInsets":[0,0,0,0]}},{"__type__":"cc.SpriteFrame","content":{"name":"cave-2","texture":"30a8FifZJB7YhLZLzpLaQg","rect":[2,2,206,270],"offset":[-7,1],"originalSize":[220,276],"capInsets":[0,0,0,0]}},{"__type__":"cc.SpriteFrame","content":{"name":"clouds-1","texture":"12VAfM9NRBb5C08Bxq6AE7","rect":[963,480,286,56],"offset":[0,0],"originalSize":[286,56],"rotated":1,"capInsets":[0,0,0,0]}},{"__type__":"cc.SpriteFrame","content":{"name":"blink-text-back","texture":"30a8FifZJB7YhLZLzpLaQg","rect":[450,105,23,23],"offset":[0,0],"originalSize":[23,23],"capInsets":[0,0,0,0]}},{"__type__":"cc.SpriteFrame","content":{"name":"claw-1","texture":"12VAfM9NRBb5C08Bxq6AE7","rect":[1002,126,12,12],"offset":[0,0],"originalSize":[12,12],"capInsets":[0,0,0,0]}},{"__type__":"cc.SpriteFrame","content":{"name":"sound-on-btn-1","texture":"30a8FifZJB7YhLZLzpLaQg","rect":[805,218,70,70],"offset":[0,0],"originalSize":[70,70],"capInsets":[0,0,0,0]}},{"__type__":"cc.SpriteFrame","content":{"name":"pulled-gold-1-1","texture":"12VAfM9NRBb5C08Bxq6AE7","rect":[852,886,101,106],"offset":[0,0],"originalSize":[101,106],"capInsets":[0,0,0,0]}},{"__type__":"cc.SpriteFrame","content":{"name":"mouse-6","texture":"12VAfM9NRBb5C08Bxq6AE7","rect":[118,688,53,42],"offset":[0,0],"originalSize":[53,42],"capInsets":[0,0,0,0]}},{"__type__":"cc.SpriteFrame","content":{"name":"gold-0-6","texture":"12VAfM9NRBb5C08Bxq6AE7","rect":[0,860,98,99],"offset":[0,0],"originalSize":[98,99],"rotated":1,"capInsets":[0,0,0,0]}},{"__type__":"cc.SpriteFrame","content":{"name":"thai-btn-1","texture":"30a8FifZJB7YhLZLzpLaQg","rect":[758,2,105,70],"offset":[0,0],"originalSize":[105,70],"capInsets":[0,0,0,0]}},{"__type__":"cc.AudioClip","_name":"pull-org","_native":".mp3"},{"__type__":"cc.SpriteFrame","content":{"name":"owl-eye-4","texture":"12VAfM9NRBb5C08Bxq6AE7","rect":[1002,154,16,6],"offset":[0,0],"originalSize":[16,6],"rotated":1,"capInsets":[0,0,0,0]}},{"__type__":"cc.SpriteFrame","content":{"name":"icon-gold-miner-ios7-200","texture":"30a8FifZJB7YhLZLzpLaQg","rect":[528,665,100,100],"offset":[0,0],"originalSize":[100,100],"capInsets":[0,0,0,0]}},{"__type__":"cc.SpriteFrame","content":{"name":"rock-collectors-book","texture":"30a8FifZJB7YhLZLzpLaQg","rect":[450,242,147,135],"offset":[-1,0],"originalSize":[149,135],"rotated":1,"capInsets":[0,0,0,0]}},{"__type__":"cc.SpriteFrame","content":{"name":"pulled-gem-mouse-0","texture":"12VAfM9NRBb5C08Bxq6AE7","rect":[141,933,49,42],"offset":[0,0],"originalSize":[49,42],"capInsets":[0,0,0,0]}},{"__type__":"cc.SpriteFrame","content":{"name":"gem-mouse-1","texture":"12VAfM9NRBb5C08Bxq6AE7","rect":[501,694,53,42],"offset":[0,0],"originalSize":[53,42],"capInsets":[0,0,0,0]}},{"__type__":"cc.SpriteFrame","content":{"name":"owl-eye-3","texture":"12VAfM9NRBb5C08Bxq6AE7","rect":[1014,142,16,6],"offset":[0,0],"originalSize":[16,6],"rotated":1,"capInsets":[0,0,0,0]}},{"__type__":"cc.SpriteFrame","content":{"name":"pulled-gem-mouse-5","texture":"12VAfM9NRBb5C08Bxq6AE7","rect":[978,423,57,46],"offset":[0,0],"originalSize":[57,46],"rotated":1,"capInsets":[0,0,0,0]}},{"__type__":"cc.SpriteFrame","content":{"name":"level-time-banner-night","texture":"12VAfM9NRBb5C08Bxq6AE7","rect":[558,560,133,127],"offset":[0,0],"originalSize":[133,127],"capInsets":[0,0,0,0]}},{"__type__":"cc.SpriteFrame","content":{"name":"mouse-2","texture":"12VAfM9NRBb5C08Bxq6AE7","rect":[199,879,53,40],"offset":[0,0],"originalSize":[53,40],"rotated":1,"capInsets":[0,0,0,0]}},{"__type__":"cc.SpriteFrame","content":{"name":"pulled-gold-1-3","texture":"12VAfM9NRBb5C08Bxq6AE7","rect":[0,132,147,134],"offset":[0,0],"originalSize":[147,134],"capInsets":[0,0,0,0]}},{"__type__":"cc.SpriteFrame","content":{"name":"mouse-1","texture":"12VAfM9NRBb5C08Bxq6AE7","rect":[489,820,53,42],"offset":[0,0],"originalSize":[53,42],"capInsets":[0,0,0,0]}},{"__type__":"cc.SpriteFrame","content":{"name":"strength-drink","texture":"30a8FifZJB7YhLZLzpLaQg","rect":[487,391,121,135],"offset":[0,0],"originalSize":[121,135],"capInsets":[0,0,0,0]}},{"__type__":"cc.SpriteFrame","content":{"name":"game-center-btn-1","texture":"30a8FifZJB7YhLZLzpLaQg","rect":[717,620,60,60],"offset":[0,0],"originalSize":[60,60],"capInsets":[0,0,0,0]}},{"__type__":"cc.SpriteFrame","content":{"name":"owl-eye-5","texture":"12VAfM9NRBb5C08Bxq6AE7","rect":[1008,154,16,6],"offset":[0,0],"originalSize":[16,6],"rotated":1,"capInsets":[0,0,0,0]}},{"__type__":"cc.SpriteFrame","content":{"name":"vietnamese-btn-0","texture":"30a8FifZJB7YhLZLzpLaQg","rect":[697,388,105,70],"offset":[0,0],"originalSize":[105,70],"rotated":1,"capInsets":[0,0,0,0]}},{"__type__":"cc.SpriteFrame","content":{"name":"gold-1-1","texture":"12VAfM9NRBb5C08Bxq6AE7","rect":[248,845,97,98],"offset":[0,0],"originalSize":[97,98],"rotated":1,"capInsets":[0,0,0,0]}}]