[{"__type__":"cc.SpriteFrame","content":{"name":"cave-0","texture":"30a8FifZJB7YhLZLzpLaQg","rect":[2,546,204,256],"offset":[-7,3],"originalSize":[220,276],"capInsets":[0,0,0,0]}},{"__type__":"cc.SpriteFrame","content":{"name":"miner-face-whistle-0","texture":"30a8FifZJB7YhLZLzpLaQg","rect":[546,767,85,106],"offset":[0,0],"originalSize":[85,106],"capInsets":[0,0,0,0]}},{"__type__":"cc.SpriteFrame","content":{"name":"start_title","texture":"81pcs5TR5MZrH/JS5ZR8Xm","rect":[23,8,333,80],"offset":[-300.5,-3],"originalSize":[980,90],"capInsets":[0,0,0,0]}},{"__type__":"cc.SpriteFrame","content":{"name":"option-btn-1","texture":"30a8FifZJB7YhLZLzpLaQg","rect":[769,434,60,60],"offset":[0,0],"originalSize":[60,60],"capInsets":[0,0,0,0]}},{"__type__":"cc.SpriteFrame","content":{"name":"miner-face-whistle-1","texture":"30a8FifZJB7YhLZLzpLaQg","rect":[610,388,85,106],"offset":[0,0],"originalSize":[85,106],"capInsets":[0,0,0,0]}},{"__type__":"cc.SpriteFrame","content":{"name":"sound-off-btn-0","texture":"30a8FifZJB7YhLZLzpLaQg","rect":[805,290,70,70],"offset":[0,0],"originalSize":[70,70],"capInsets":[0,0,0,0]}},{"__type__":"cc.SpriteFrame","content":{"name":"music-on-btn-0","texture":"30a8FifZJB7YhLZLzpLaQg","rect":[949,290,70,70],"offset":[0,0],"originalSize":[70,70],"capInsets":[0,0,0,0]}},{"__type__":"cc.SpriteFrame","content":{"name":"miner-face-whistle-2","texture":"30a8FifZJB7YhLZLzpLaQg","rect":[595,528,85,106],"offset":[0,0],"originalSize":[85,106],"capInsets":[0,0,0,0]}},{"__type__":"cc.SpriteFrame","content":{"name":"sound-on-btn-0","texture":"30a8FifZJB7YhLZLzpLaQg","rect":[877,218,70,70],"offset":[0,0],"originalSize":[70,70],"capInsets":[0,0,0,0]}},{"__type__":"cc.AnimationClip","_name":"cave","_duration":0.9333333333333333,"wrapMode":"38","curveData":{"comps":{"cc.Sprite":{"spriteFrame":[{"frame":0,"value":{"__uuid__":"03msy6zA9OqI5Mz94pQIsp"}},{"frame":0.5,"value":{"__uuid__":"61U1UWgFpIPI3hsNDTxhaB"}},{"frame":0.9166666666666666,"value":{"__uuid__":"ddDId4m15Ds5L3PQlK5+NS"}}]}}}},{"__type__":"cc.SpriteFrame","content":{"name":"start-0","texture":"30a8FifZJB7YhLZLzpLaQg","rect":[76,804,200,72],"offset":[6,13],"originalSize":[300,200],"rotated":1,"capInsets":[0,0,0,0]}},{"__type__":"cc.SpriteFrame","content":{"name":"primay_background","texture":"a9Px/ymtNBS5A9Q0cQE/2k","rect":[0,2,960,571],"offset":[0,-1],"originalSize":[960,573],"capInsets":[0,0,0,0]}},{"__type__":"cc.SpriteFrame","content":{"name":"cloud","texture":"30a8FifZJB7YhLZLzpLaQg","rect":[274,788,222,94],"offset":[0,0],"originalSize":[222,94],"rotated":1,"capInsets":[0,0,0,0]}},{"__type__":"cc.SpriteFrame","content":{"name":"btn-1","texture":"30a8FifZJB7YhLZLzpLaQg","rect":[370,776,240,78],"offset":[0,0],"originalSize":[240,78],"rotated":1,"capInsets":[0,0,0,0]}},{"__type__":"cc.SpriteFrame","content":{"name":"menu-start-gold","texture":"f5mXsV3ltAt7hZLO3cP/zC","rect":[19,14,285,260],"offset":[8.5,-4.5],"originalSize":[306,279],"capInsets":[0,0,0,0]}},{"__type__":"cc.SpriteFrame","content":{"name":"clouds-0","texture":"12VAfM9NRBb5C08Bxq6AE7","rect":[0,484,236,66],"offset":[0,0],"originalSize":[236,66],"rotated":1,"capInsets":[0,0,0,0]}},{"__type__":"cc.SpriteFrame","content":{"name":"miner-face-smile","texture":"30a8FifZJB7YhLZLzpLaQg","rect":[546,875,85,106],"offset":[0,0],"originalSize":[85,106],"capInsets":[0,0,0,0]}},{"__type__":"cc.SpriteFrame","content":{"name":"code","texture":"aa5sWdftBPSq/0kCUZNHpY","rect":[0,0,615,631],"offset":[0,0],"originalSize":[615,631],"capInsets":[0,0,0,0]}},[{"__type__":"cc.SceneAsset","_name":"game_start","scene":{"__id__":1},"asyncLoadAssets":null},{"__type__":"cc.Scene","_name":"New Node","_children":[{"__id__":2}],"_anchorPoint":{"__type__":"cc.Vec2"},"_scale":{"__type__":"cc.Vec3","x":0.36945893852269196,"y":0.36945893852269196,"z":0.36945893852269196},"autoReleaseAssets":false},{"__type__":"cc.Node","_name":"Canvas","_parent":{"__id__":1},"_children":[{"__id__":3}],"_components":[{"__type__":"cc.Canvas","node":{"__id__":2}},{"__type__":"3607c5jADVEf7WOwF2dOa0N","node":{"__id__":2}}],"_contentSize":{"__type__":"cc.Size","width":960,"height":640},"_position":{"__type__":"cc.Vec3","x":480,"y":320},"_scale":{"__type__":"cc.Vec3","x":1,"y":1,"z":1},"_id":"8dS7nijpREGYBy4QvE1MTW"},{"__type__":"cc.Node","_name":"Main Camera","_parent":{"__id__":2},"_children":[{"__id__":4},{"__id__":41},{"__id__":9}],"_level":1,"_components":[{"__type__":"cc.Camera","node":{"__id__":3},"_clearFlags":7,"_depth":-1}],"_scale":{"__type__":"cc.Vec3","x":1,"y":1,"z":1}},{"__type__":"cc.Node","_name":"background","_parent":{"__id__":3},"_children":[{"__id__":5},{"__id__":6},{"__id__":34},{"__id__":35},{"__id__":36},{"__id__":40}],"_level":2,"_scale":{"__type__":"cc.Vec3","x":1,"y":1,"z":1}},{"__type__":"cc.Node","_name":"sky","_parent":{"__id__":4},"_level":3,"_components":[{"__type__":"cc.Sprite","node":{"__id__":5},"_spriteFrame":{"__uuid__":"e3tMvcQDxJn78XS4UiKLWe"}}],"_contentSize":{"__type__":"cc.Size","width":960,"height":361},"_position":{"__type__":"cc.Vec3","y":139},"_scale":{"__type__":"cc.Vec3","x":1,"y":1,"z":1}},{"__type__":"cc.Node","_name":"cloud","_parent":{"__id__":4},"_children":[{"__id__":7},{"__id__":31}],"_level":3,"_components":[{"__type__":"cc819b2ulBDz5F6fylpBLp8","node":{"__id__":6},"codeNode":{"__id__":7},"scoreNode":{"__id__":31},"scoreLable":{"__id__":33}}],"_position":{"__type__":"cc.Vec3","x":5.684341886080802e-14},"_scale":{"__type__":"cc.Vec3","x":1,"y":1,"z":1}},{"__type__":"cc.Node","_name":"code_cloud","_parent":{"__id__":6},"_children":[{"__id__":8}],"_level":4,"_components":[{"__type__":"cc.Sprite","node":{"__id__":7},"_spriteFrame":{"__uuid__":"3d7W31LO1H5KANdhcKToyz"},"_sizeMode":0}],"_contentSize":{"__type__":"cc.Size","width":280,"height":94},"_position":{"__type__":"cc.Vec3","x":-635,"y":255},"_scale":{"__type__":"cc.Vec3","x":1,"y":1,"z":1}},{"__type__":"cc.Node","_name":"code","_parent":{"__id__":7},"_level":4,"_components":[{"__type__":"cc.Sprite","node":{"__id__":8},"_spriteFrame":{"__uuid__":"48kuaJMw9MoYg/PRr50d5W"},"_sizeMode":0},{"__type__":"cc.Button","node":{"__id__":8},"clickEvents":[{"__type__":"cc.ClickEvent","target":{"__id__":9},"_componentId":"b504cmZuZtKTKtHQOWAbc/D","handler":"pop_code"}],"_N$target":{"__id__":8}}],"_contentSize":{"__type__":"cc.Size","width":60,"height":60},"_position":{"__type__":"cc.Vec3","y":-8},"_scale":{"__type__":"cc.Vec3","x":1,"y":1,"z":1}},{"__type__":"cc.Node","_name":"start_menu","_parent":{"__id__":3},"_children":[{"__id__":10},{"__id__":11},{"__id__":27},{"__id__":29}],"_level":2,"_components":[{"__type__":"b504cmZuZtKTKtHQOWAbc/D","node":{"__id__":9},"button_switchNode":{"__id__":10},"bodyNode":{"__id__":11},"musicNode":{"__id__":26},"music_labelNode":{"__id__":12},"music_switchNode":{"__id__":13},"openmusicNode":{"__id__":14},"closemusicNode":{"__id__":15},"sound_labelNode":{"__id__":16},"sound_switch":{"__id__":17},"opensoundNode":{"__id__":18},"closesoundNode":{"__id__":19},"out_gameNode":{"__id__":20},"touchNode":{"__id__":28},"closeNode":{"__id__":30},"codeNode":{"__id__":23}}],"_position":{"__type__":"cc.Vec3","x":180,"y":295},"_scale":{"__type__":"cc.Vec3","x":1,"y":1,"z":1}},{"__type__":"cc.Node","_name":"set","_parent":{"__id__":9},"_level":5,"_components":[{"__type__":"cc.Sprite","node":{"__id__":10},"_spriteFrame":{"__uuid__":"afXBh3svZM4qjAb3AH14Ym"}},{"__type__":"cc.Button","node":{"__id__":10},"clickEvents":[{"__type__":"cc.ClickEvent","target":{"__id__":9},"_componentId":"b504cmZuZtKTKtHQOWAbc/D","handler":"pop_menu"}],"_N$transition":2,"transition":2,"_N$normalSprite":{"__uuid__":"afXBh3svZM4qjAb3AH14Ym"},"_N$pressedSprite":{"__uuid__":"08g9crrM1Ep4KOg3/LSBV7"},"pressedSprite":{"__uuid__":"08g9crrM1Ep4KOg3/LSBV7"},"_N$hoverSprite":{"__uuid__":"08g9crrM1Ep4KOg3/LSBV7"},"hoverSprite":{"__uuid__":"08g9crrM1Ep4KOg3/LSBV7"},"_N$disabledSprite":{"__uuid__":"08g9crrM1Ep4KOg3/LSBV7"},"_N$target":{"__id__":10}}],"_contentSize":{"__type__":"cc.Size","width":60,"height":60},"_position":{"__type__":"cc.Vec3","x":249,"y":-19},"_scale":{"__type__":"cc.Vec3","x":1,"y":1,"z":1}},{"__type__":"cc.Node","_name":"menu_body","_parent":{"__id__":9},"_children":[{"__id__":12},{"__id__":13},{"__id__":16},{"__id__":17},{"__id__":20},{"__id__":22},{"__id__":23},{"__id__":25}],"_level":5,"_components":[{"__type__":"cc.Sprite","node":{"__id__":11},"_spriteFrame":{"__uuid__":"61RmocvMRCN7eUdsW2Jc0S"},"_sizeMode":0}],"_contentSize":{"__type__":"cc.Size","width":300,"height":400},"_position":{"__type__":"cc.Vec3","x":552,"y":-325},"_scale":{"__type__":"cc.Vec3","x":1,"y":1,"z":1}},{"__type__":"cc.Node","_name":"music_label","_parent":{"__id__":11},"_level":6,"_components":[{"__type__":"cc.Label","node":{"__id__":12},"_srcBlendFactor":1,"_string":"音乐：","_N$string":"音乐：","_fontSize":50,"_lineHeight":60}],"_color":{"__type__":"cc.Color","r":23,"g":16,"b":140},"_contentSize":{"__type__":"cc.Size","width":150,"height":60},"_position":{"__type__":"cc.Vec3","x":-58,"y":103},"_scale":{"__type__":"cc.Vec3","x":1,"y":1,"z":1}},{"__type__":"cc.Node","_name":"music_switch","_parent":{"__id__":11},"_children":[{"__id__":14},{"__id__":15}],"_level":6,"_components":[{"__type__":"cc.Button","node":{"__id__":13},"clickEvents":[{"__type__":"cc.ClickEvent","target":{"__id__":9},"_componentId":"b504cmZuZtKTKtHQOWAbc/D","handler":"change_music_state"}],"_N$transition":2,"transition":2,"_N$normalSprite":{"__uuid__":"144pqPXFJKwakrJ5iGe0kh"},"_N$pressedSprite":{"__uuid__":"d5l0Q+s9tBnbOFvzEIJ3yR"},"pressedSprite":{"__uuid__":"d5l0Q+s9tBnbOFvzEIJ3yR"},"_N$hoverSprite":{"__uuid__":"d5l0Q+s9tBnbOFvzEIJ3yR"},"hoverSprite":{"__uuid__":"d5l0Q+s9tBnbOFvzEIJ3yR"},"_N$disabledSprite":{"__uuid__":"d5l0Q+s9tBnbOFvzEIJ3yR"},"_N$target":{"__id__":13}}],"_contentSize":{"__type__":"cc.Size","width":70,"height":70},"_position":{"__type__":"cc.Vec3","x":47,"y":102},"_scale":{"__type__":"cc.Vec3","x":1,"y":1,"z":1}},{"__type__":"cc.Node","_name":"open","_parent":{"__id__":13},"_active":false,"_level":7,"_components":[{"__type__":"cc.Sprite","node":{"__id__":14},"_spriteFrame":{"__uuid__":"144pqPXFJKwakrJ5iGe0kh"}}],"_contentSize":{"__type__":"cc.Size","width":70,"height":70},"_scale":{"__type__":"cc.Vec3","x":1,"y":1,"z":1}},{"__type__":"cc.Node","_name":"close","_parent":{"__id__":13},"_active":false,"_level":7,"_components":[{"__type__":"cc.Sprite","node":{"__id__":15},"_spriteFrame":{"__uuid__":"afY3F7VaJFkru1RhF0BvYT"}}],"_contentSize":{"__type__":"cc.Size","width":70,"height":70},"_scale":{"__type__":"cc.Vec3","x":1,"y":1,"z":1}},{"__type__":"cc.Node","_name":"sound_label","_parent":{"__id__":11},"_level":6,"_components":[{"__type__":"cc.Label","node":{"__id__":16},"_srcBlendFactor":1,"_string":"游戏音效：","_N$string":"游戏音效：","_lineHeight":50}],"_color":{"__type__":"cc.Color","r":17,"g":54,"b":181},"_contentSize":{"__type__":"cc.Size","width":200,"height":50},"_position":{"__type__":"cc.Vec3","x":-34,"y":12},"_scale":{"__type__":"cc.Vec3","x":1,"y":1,"z":1}},{"__type__":"cc.Node","_name":"sound_switch","_parent":{"__id__":11},"_children":[{"__id__":18},{"__id__":19}],"_level":6,"_components":[{"__type__":"cc.Button","node":{"__id__":17},"clickEvents":[{"__type__":"cc.ClickEvent","target":{"__id__":9},"_componentId":"b504cmZuZtKTKtHQOWAbc/D","handler":"change_sound_state"}],"_N$transition":2,"transition":2,"_N$normalSprite":{"__uuid__":"1fttMlVqhAE4HoyU5/VpjI"},"_N$pressedSprite":{"__uuid__":"dffCSLxp5IPINIVVavCwr+"},"pressedSprite":{"__uuid__":"dffCSLxp5IPINIVVavCwr+"},"_N$hoverSprite":{"__uuid__":"dffCSLxp5IPINIVVavCwr+"},"hoverSprite":{"__uuid__":"dffCSLxp5IPINIVVavCwr+"},"_N$disabledSprite":{"__uuid__":"dffCSLxp5IPINIVVavCwr+"},"_N$target":{"__id__":17}}],"_contentSize":{"__type__":"cc.Size","width":70,"height":70},"_position":{"__type__":"cc.Vec3","x":92,"y":17},"_scale":{"__type__":"cc.Vec3","x":1,"y":1,"z":1}},{"__type__":"cc.Node","_name":"open","_parent":{"__id__":17},"_active":false,"_level":7,"_components":[{"__type__":"cc.Sprite","node":{"__id__":18},"_spriteFrame":{"__uuid__":"1fttMlVqhAE4HoyU5/VpjI"}}],"_contentSize":{"__type__":"cc.Size","width":70,"height":70},"_scale":{"__type__":"cc.Vec3","x":1,"y":1,"z":1}},{"__type__":"cc.Node","_name":"close","_parent":{"__id__":17},"_active":false,"_level":7,"_components":[{"__type__":"cc.Sprite","node":{"__id__":19},"_spriteFrame":{"__uuid__":"14P2aqH8dCqqF1cXI9wLr+"}}],"_contentSize":{"__type__":"cc.Size","width":70,"height":70},"_scale":{"__type__":"cc.Vec3","x":1,"y":1,"z":1}},{"__type__":"cc.Node","_name":"out_game_switch","_parent":{"__id__":11},"_children":[{"__id__":21}],"_level":6,"_components":[{"__type__":"cc.Sprite","node":{"__id__":20},"_spriteFrame":{"__uuid__":"7cz6ESH/ZIVKyT1ZFTrR+p"},"_sizeMode":0},{"__type__":"cc.Button","node":{"__id__":20},"clickEvents":[{"__type__":"cc.ClickEvent","target":{"__id__":9},"_componentId":"b504cmZuZtKTKtHQOWAbc/D","handler":"endGame"}],"_N$transition":2,"transition":2,"_N$normalSprite":{"__uuid__":"7cz6ESH/ZIVKyT1ZFTrR+p"},"_N$pressedSprite":{"__uuid__":"36l1BLE69P/5C0xdlSXsI5"},"pressedSprite":{"__uuid__":"36l1BLE69P/5C0xdlSXsI5"},"_N$hoverSprite":{"__uuid__":"36l1BLE69P/5C0xdlSXsI5"},"hoverSprite":{"__uuid__":"36l1BLE69P/5C0xdlSXsI5"},"_N$disabledSprite":{"__uuid__":"36l1BLE69P/5C0xdlSXsI5"},"_N$target":{"__id__":20}}],"_contentSize":{"__type__":"cc.Size","width":200,"height":60},"_position":{"__type__":"cc.Vec3","x":-6,"y":-95},"_scale":{"__type__":"cc.Vec3","x":1,"y":1,"z":1}},{"__type__":"cc.Node","_name":"out_game_label","_parent":{"__id__":20},"_level":7,"_components":[{"__type__":"cc.Label","node":{"__id__":21},"_srcBlendFactor":1,"_string":"退出游戏","_N$string":"退出游戏"}],"_contentSize":{"__type__":"cc.Size","width":160,"height":40},"_scale":{"__type__":"cc.Vec3","x":1,"y":1,"z":1}},{"__type__":"cc.Node","_name":"claose_menu","_parent":{"__id__":11},"_level":6,"_components":[{"__type__":"cc.Sprite","node":{"__id__":22},"_spriteFrame":{"__uuid__":"dbYb28W8hNA7sY4m6GYv02"}},{"__type__":"cc.Button","node":{"__id__":22},"clickEvents":[{"__type__":"cc.ClickEvent","target":{"__id__":9},"_componentId":"b504cmZuZtKTKtHQOWAbc/D","handler":"close_menu"}],"_N$transition":2,"transition":2,"_N$normalSprite":{"__uuid__":"dbYb28W8hNA7sY4m6GYv02"},"_N$pressedSprite":{"__uuid__":"b7l1BpQ2RMKZlYNSp/C8K1"},"pressedSprite":{"__uuid__":"b7l1BpQ2RMKZlYNSp/C8K1"},"_N$hoverSprite":{"__uuid__":"b7l1BpQ2RMKZlYNSp/C8K1"},"hoverSprite":{"__uuid__":"b7l1BpQ2RMKZlYNSp/C8K1"},"_N$disabledSprite":{"__uuid__":"b7l1BpQ2RMKZlYNSp/C8K1"},"_N$target":{"__id__":22}}],"_contentSize":{"__type__":"cc.Size","width":50,"height":50},"_position":{"__type__":"cc.Vec3","x":123,"y":173},"_scale":{"__type__":"cc.Vec3","x":1,"y":1,"z":1}},{"__type__":"cc.Node","_name":"code","_parent":{"__id__":11},"_children":[{"__id__":24}],"_active":false,"_level":6,"_components":[{"__type__":"cc.Sprite","node":{"__id__":23},"_spriteFrame":{"__uuid__":"48kuaJMw9MoYg/PRr50d5W"},"_sizeMode":0}],"_contentSize":{"__type__":"cc.Size","width":250,"height":300},"_position":{"__type__":"cc.Vec3","x":-6,"y":-13},"_scale":{"__type__":"cc.Vec3","x":1,"y":1,"z":1}},{"__type__":"cc.Node","_name":"text","_parent":{"__id__":23},"_level":7,"_components":[{"__type__":"cc.Label","node":{"__id__":24},"_srcBlendFactor":1,"_string":"支持一下吧！","_N$string":"支持一下吧！"}],"_color":{"__type__":"cc.Color","r":14,"g":67,"b":188},"_contentSize":{"__type__":"cc.Size","width":240,"height":40},"_position":{"__type__":"cc.Vec3","x":-7,"y":177},"_scale":{"__type__":"cc.Vec3","x":1,"y":1,"z":1}},{"__type__":"cc.Node","_name":"music","_parent":{"__id__":11},"_level":6,"_components":[{"__id__":26}],"_scale":{"__type__":"cc.Vec3","x":1,"y":1,"z":1}},{"__type__":"cc.AudioSource","node":{"__id__":25},"_clip":{"__uuid__":"71MIy0gelDOoBLsrURvo2W"},"_loop":true},{"__type__":"cc.Node","_name":"touch_music","_parent":{"__id__":9},"_level":4,"_components":[{"__id__":28}],"_scale":{"__type__":"cc.Vec3","x":1,"y":1,"z":1}},{"__type__":"cc.AudioSource","node":{"__id__":27},"_clip":{"__uuid__":"d475w1dU1Eq6Etty+yeeJj"}},{"__type__":"cc.Node","_name":"close_music","_parent":{"__id__":9},"_level":4,"_components":[{"__id__":30}],"_scale":{"__type__":"cc.Vec3","x":1,"y":1,"z":1}},{"__type__":"cc.AudioSource","node":{"__id__":29},"_clip":{"__uuid__":"e91cBOoShC5LoNKaWzg27T"}},{"__type__":"cc.Node","_name":"score_cloud","_parent":{"__id__":6},"_children":[{"__id__":32},{"__id__":33}],"_level":4,"_components":[{"__type__":"cc.Sprite","node":{"__id__":31},"_spriteFrame":{"__uuid__":"32O4cb9ZJJGogy/KztVLW6"}}],"_contentSize":{"__type__":"cc.Size","width":222,"height":94},"_position":{"__type__":"cc.Vec3","x":-599,"y":226},"_scale":{"__type__":"cc.Vec3","x":1,"y":1,"z":1}},{"__type__":"cc.Node","_name":"tips","_parent":{"__id__":31},"_level":4,"_components":[{"__type__":"cc.Sprite","node":{"__id__":32},"_spriteFrame":{"__uuid__":"752Cw4UZBJubuTpVYphhk7"},"_sizeMode":0}],"_opacity":248.88,"_color":{"__type__":"cc.Color"},"_contentSize":{"__type__":"cc.Size","width":100,"height":20},"_position":{"__type__":"cc.Vec3","x":36,"y":-1},"_scale":{"__type__":"cc.Vec3","x":1,"y":1,"z":1}},{"__type__":"cc.Node","_name":"score","_parent":{"__id__":31},"_level":4,"_components":[{"__type__":"cc.Label","node":{"__id__":33},"_srcBlendFactor":1,"_useOriginalSize":false,"_string":"0","_N$string":"0","_fontSize":30,"_lineHeight":30,"_N$horizontalAlign":1,"_N$verticalAlign":1}],"_contentSize":{"__type__":"cc.Size","width":16.68,"height":30},"_position":{"__type__":"cc.Vec3","x":25,"y":-28},"_scale":{"__type__":"cc.Vec3","x":1,"y":1,"z":1}},{"__type__":"cc.Node","_name":"mountain","_parent":{"__id__":4},"_level":3,"_components":[{"__type__":"cc.Sprite","node":{"__id__":34},"_spriteFrame":{"__uuid__":"30qHV00dJJUrqlbXqLIUUc"}}],"_contentSize":{"__type__":"cc.Size","width":960,"height":571},"_position":{"__type__":"cc.Vec3","y":-35},"_scale":{"__type__":"cc.Vec3","x":1,"y":1,"z":1}},{"__type__":"cc.Node","_name":"title","_parent":{"__id__":4},"_level":3,"_components":[{"__type__":"cc.Sprite","node":{"__id__":35},"_spriteFrame":{"__uuid__":"07kKrCfaZLz5DFrKj2ZvKD"},"_sizeMode":0}],"_contentSize":{"__type__":"cc.Size","width":360,"height":80},"_position":{"__type__":"cc.Vec3","x":82,"y":224},"_scale":{"__type__":"cc.Vec3","x":1,"y":1,"z":1}},{"__type__":"cc.Node","_name":"person","_parent":{"__id__":4},"_children":[{"__id__":37},{"__id__":38},{"__id__":39}],"_level":3,"_components":[{"__type__":"cc.Sprite","node":{"__id__":36}},{"__type__":"8a2daJ5/WVH85R5nSdlqPWs","node":{"__id__":36},"bodyNode":{"__id__":37},"faceNode":{"__id__":38},"legNode":{"__id__":39}}],"_position":{"__type__":"cc.Vec3","x":-447,"y":-10},"_scale":{"__type__":"cc.Vec3","x":1,"y":1,"z":1}},{"__type__":"cc.Node","_name":"body","_parent":{"__id__":36},"_level":4,"_components":[{"__type__":"cc.Sprite","node":{"__id__":37},"_spriteFrame":{"__uuid__":"5aiZy/wJtGDq7yOjYgaaNo"}}],"_contentSize":{"__type__":"cc.Size","width":230,"height":543},"_position":{"__type__":"cc.Vec3","x":-197,"y":-21},"_scale":{"__type__":"cc.Vec3","x":1,"y":1,"z":1}},{"__type__":"cc.Node","_name":"face","_parent":{"__id__":36},"_level":4,"_components":[{"__type__":"cc.Sprite","node":{"__id__":38}},{"__type__":"cc.Animation","node":{"__id__":38},"_defaultClip":{"__uuid__":"f7VLK/07NPZ62XYFvuXHTp"},"_clips":[{"__uuid__":"f7VLK/07NPZ62XYFvuXHTp"}],"playOnLoad":true}],"_contentSize":{"__type__":"cc.Size","width":85,"height":106},"_position":{"__type__":"cc.Vec3","x":-182.8,"y":90.1},"_scale":{"__type__":"cc.Vec3","x":1,"y":1,"z":1}},{"__type__":"cc.Node","_name":"leg","_parent":{"__id__":36},"_level":4,"_components":[{"__type__":"cc.Sprite","node":{"__id__":39}},{"__type__":"cc.Animation","node":{"__id__":39},"_defaultClip":{"__uuid__":"feekCN8ENPlJBo4zLx4TD8"},"_clips":[{"__uuid__":"feekCN8ENPlJBo4zLx4TD8"}],"playOnLoad":true}],"_contentSize":{"__type__":"cc.Size","width":101,"height":154},"_position":{"__type__":"cc.Vec3","x":-239,"y":-186},"_scale":{"__type__":"cc.Vec3","x":1,"y":1,"z":1}},{"__type__":"cc.Node","_name":"cave","_parent":{"__id__":4},"_level":3,"_components":[{"__type__":"cc.Sprite","node":{"__id__":40}},{"__type__":"cc.Animation","node":{"__id__":40},"_defaultClip":{"__uuid__":"1f7pBdO9dKWbxqGxZqXa8k"},"_clips":[{"__uuid__":"1f7pBdO9dKWbxqGxZqXa8k"}],"playOnLoad":true}],"_contentSize":{"__type__":"cc.Size","width":204,"height":256},"_position":{"__type__":"cc.Vec3","x":188,"y":-6},"_scale":{"__type__":"cc.Vec3","x":1,"y":1,"z":1}},{"__type__":"cc.Node","_name":"start_button","_parent":{"__id__":3},"_children":[{"__id__":42},{"__id__":43},{"__id__":44}],"_level":2,"_components":[{"__type__":"687f493MEhL9YBS/BpsmRV3","node":{"__id__":41},"starttouchNode":{"__id__":45},"faceNode":{"__id__":38},"legNode":{"__id__":39}}],"_position":{"__type__":"cc.Vec3","x":5.684341886080802e-14},"_scale":{"__type__":"cc.Vec3","x":1,"y":1,"z":1}},{"__type__":"cc.Node","_name":"big_gold","_parent":{"__id__":41},"_level":4,"_components":[{"__type__":"cc.Sprite","node":{"__id__":42},"_spriteFrame":{"__uuid__":"37nJ/sZMpDVZSYHnHKku3S"},"_sizeMode":0}],"_contentSize":{"__type__":"cc.Size","width":270,"height":240},"_position":{"__type__":"cc.Vec3","x":122,"y":-196},"_scale":{"__type__":"cc.Vec3","x":1,"y":1,"z":1}},{"__type__":"cc.Node","_name":"start_text","_parent":{"__id__":41},"_level":4,"_components":[{"__type__":"cc.Sprite","node":{"__id__":43},"_spriteFrame":{"__uuid__":"21oGH2wThH16kS5iRFAHwL"},"_sizeMode":0},{"__type__":"cc.Button","node":{"__id__":43},"clickEvents":[{"__type__":"cc.ClickEvent","target":{"__id__":41},"_componentId":"687f493MEhL9YBS/BpsmRV3","handler":"playgame"}],"_N$transition":2,"transition":2,"_N$normalSprite":{"__uuid__":"21oGH2wThH16kS5iRFAHwL"},"_N$pressedSprite":{"__uuid__":"aa/aY2OitIRIaWxDYUEWkl"},"pressedSprite":{"__uuid__":"aa/aY2OitIRIaWxDYUEWkl"},"_N$hoverSprite":{"__uuid__":"aa/aY2OitIRIaWxDYUEWkl"},"hoverSprite":{"__uuid__":"aa/aY2OitIRIaWxDYUEWkl"},"_N$disabledSprite":{"__uuid__":"aa/aY2OitIRIaWxDYUEWkl"},"_N$target":{"__id__":43}}],"_contentSize":{"__type__":"cc.Size","width":185,"height":65},"_position":{"__type__":"cc.Vec3","x":122,"y":-145},"_scale":{"__type__":"cc.Vec3","x":1,"y":1,"z":1}},{"__type__":"cc.Node","_name":"touch_sound","_parent":{"__id__":41},"_level":4,"_components":[{"__id__":45}],"_scale":{"__type__":"cc.Vec3","x":1,"y":1,"z":1}},{"__type__":"cc.AudioSource","node":{"__id__":44},"_clip":{"__uuid__":"d475w1dU1Eq6Etty+yeeJj"}}],{"__type__":"cc.SpriteFrame","content":{"name":"person_body","texture":"e1F4kaywdKP7yxN5FFF+zK","rect":[0,0,230,543],"offset":[0,0],"originalSize":[230,543],"capInsets":[0,0,0,0]}},{"__type__":"cc.SpriteFrame","content":{"name":"dialog-background","texture":"c9ENQfFPZCpYhrhjtNgMgV","rect":[0,0,750,750],"offset":[0,0],"originalSize":[750,750],"capInsets":[0,0,0,0]}},{"__type__":"cc.SpriteFrame","content":{"name":"cave-1","texture":"30a8FifZJB7YhLZLzpLaQg","rect":[2,274,206,270],"offset":[-7,1],"originalSize":[220,276],"capInsets":[0,0,0,0]}},{"__type__":"cc.SpriteFrame","content":{"name":"miner-leg-1","texture":"30a8FifZJB7YhLZLzpLaQg","rect":[450,2,101,152],"offset":[2,4],"originalSize":[105,160],"rotated":1,"capInsets":[0,0,0,0]}},{"__type__":"cc.AudioClip","_name":"menu-bg","_native":".mp3"},{"__type__":"cc.SpriteFrame","content":{"name":"max_score","texture":"e1FvtyltRKoY6AiHr6WR8Y","rect":[18,4,212,41],"offset":[-366,-1.5],"originalSize":[980,46],"capInsets":[0,0,0,0]}},{"__type__":"cc.SpriteFrame","content":{"name":"btn-0","texture":"30a8FifZJB7YhLZLzpLaQg","rect":[370,2,240,78],"offset":[0,0],"originalSize":[240,78],"rotated":1,"capInsets":[0,0,0,0]}},{"__type__":"cc.SpriteFrame","content":{"name":"miner-leg-0","texture":"30a8FifZJB7YhLZLzpLaQg","rect":[150,804,101,154],"offset":[2,3],"originalSize":[105,160],"capInsets":[0,0,0,0]}},{"__type__":"cc.SpriteFrame","content":{"name":"miner-leg-2","texture":"30a8FifZJB7YhLZLzpLaQg","rect":[604,2,103,152],"offset":[1,4],"originalSize":[105,160],"rotated":1,"capInsets":[0,0,0,0]}},{"__type__":"cc.SpriteFrame","content":{"name":"start-1","texture":"30a8FifZJB7YhLZLzpLaQg","rect":[2,804,200,72],"offset":[6,13],"originalSize":[300,200],"rotated":1,"capInsets":[0,0,0,0]}},{"__type__":"cc.SpriteFrame","content":{"name":"option-btn-0","texture":"30a8FifZJB7YhLZLzpLaQg","rect":[831,434,60,60],"offset":[0,0],"originalSize":[60,60],"capInsets":[0,0,0,0]}},{"__type__":"cc.SpriteFrame","content":{"name":"music-off-btn-0","texture":"30a8FifZJB7YhLZLzpLaQg","rect":[841,362,70,70],"offset":[0,0],"originalSize":[70,70],"capInsets":[0,0,0,0]}},{"__type__":"cc.SpriteFrame","content":{"name":"close-btn-1","texture":"30a8FifZJB7YhLZLzpLaQg","rect":[210,486,50,50],"offset":[0,0],"originalSize":[50,50],"capInsets":[0,0,0,0]}},{"__type__":"cc.SpriteFrame","content":{"name":"miner-face-normal","texture":"30a8FifZJB7YhLZLzpLaQg","rect":[630,636,85,106],"offset":[0,0],"originalSize":[85,106],"capInsets":[0,0,0,0]}},{"__type__":"cc.SpriteFrame","content":{"name":"music-on-btn-1","texture":"30a8FifZJB7YhLZLzpLaQg","rect":[877,290,70,70],"offset":[0,0],"originalSize":[70,70],"capInsets":[0,0,0,0]}},{"__type__":"cc.SpriteFrame","content":{"name":"close-btn-0","texture":"30a8FifZJB7YhLZLzpLaQg","rect":[262,486,50,50],"offset":[0,0],"originalSize":[50,50],"capInsets":[0,0,0,0]}},{"__type__":"cc.SpriteFrame","content":{"name":"cave-2","texture":"30a8FifZJB7YhLZLzpLaQg","rect":[2,2,206,270],"offset":[-7,1],"originalSize":[220,276],"capInsets":[0,0,0,0]}},{"__type__":"cc.SpriteFrame","content":{"name":"sound-on-btn-1","texture":"30a8FifZJB7YhLZLzpLaQg","rect":[805,218,70,70],"offset":[0,0],"originalSize":[70,70],"capInsets":[0,0,0,0]}},{"__type__":"cc.SpriteFrame","content":{"name":"background_sky","texture":"efD7Mn5hdCmr93Kb1+Vtnp","rect":[0,0,960,361],"offset":[0,0],"originalSize":[960,361],"capInsets":[0,0,0,0]}},{"__type__":"cc.AnimationClip","_name":"face","_duration":0.6833333333333333,"wrapMode":"38","curveData":{"comps":{"cc.Sprite":{"spriteFrame":[{"frame":0.016666666666666666,"value":{"__uuid__":"46GBCKKwNL6oHFgXkJJhp1"}},{"frame":0.16666666666666666,"value":{"__uuid__":"bf2Jrd1IZBNLbemZViRVO2"}},{"frame":0.3333333333333333,"value":{"__uuid__":"04AqkXb8NJ6LFOjtPFshEa"}},{"frame":0.5,"value":{"__uuid__":"12i4KwIkZM+I3ABlduieFK"}},{"frame":0.6666666666666666,"value":{"__uuid__":"15TQU6X4BOQ4U2ZGJswYFw"}}]}}}},{"__type__":"cc.AnimationClip","_name":"leg","_duration":0.35,"wrapMode":"38","curveData":{"comps":{"cc.Sprite":{"spriteFrame":[{"frame":0,"value":{"__uuid__":"9a0oLPwhFPkZnTOWw5qRRH"}},{"frame":0.16666666666666666,"value":{"__uuid__":"61cGiFDFlBT7sIwDQWOQMK"}},{"frame":0.3333333333333333,"value":{"__uuid__":"aaXHUSAjlOvIDxMY8Tz/oR"}}]}}}}]